Date,ORDCI Development  Activity Index ,ORDCI Development Activity Index (7DMA),Pulse Scores ,Core Index Price
3/1/2019,247.5213675,210.0610501,55.11722609,451.82
3/2/2019,80.51282051,211.6239316,55.1613596,448.32
3/3/2019,37.77777778,213.7606838,55.54029965,443.62
3/4/2019,353.8461538,211.3675214,54.73043308,434.35
3/5/2019,312.991453,217.2771673,55.41343237,453.76
3/6/2019,304.1025641,222.979243,54.43671716,455.94
3/7/2019,300.5128205,223.4554335,54.27711055,458.72
3/8/2019,172.6495726,223.992674,54.51362443,460.4
3/9/2019,42.39316239,219.5604396,54.42644355,465.16
3/10/2019,31.45299145,219.7191697,52.48387931,460.24
3/11/2019,318.974359,219.3040293,53.17328863,452.98
3/12/2019,293.6752137,221.3797314,53.24287663,455.58
3/13/2019,366.3247863,221.4529915,53.33706274,453.52
3/14/2019,341.5384615,225.3724054,53.54715624,455.42
3/15/2019,265.8119658,228.8766789,53.71045046,463.7
3/16/2019,45.81196581,230.1831502,53.72524705,476.05
3/17/2019,38.11965812,227.7045177,54.44433048,475.12
3/18/2019,340.5128205,227.7289377,54.60970666,473.33
3/19/2019,336.7521368,226.7765568,54.24108019,475.17
3/20/2019,369.0598291,228.4737485,55.55236435,476.85
3/21/2019,321.3675214,233.1135531,56.08392548,468.98
3/22/2019,245.6410256,234.6031746,56.09850298,473.43
3/23/2019,61.70940171,239.8168498,55.60799465,473.58
3/24/2019,48.03418803,241.1965812,55.14542618,472.04
3/25/2019,417.6068376,242.3809524,55.80623691,468.42
3/26/2019,296.9230769,249.4261294,56.72900555,464.08
3/27/2019,263.4188034,249.6581197,56.759049,477.85
3/28/2019,371.6239316,242.3076923,57.00852766,478.38
3/29/2019,288.034188,244.4566545,58.08006877,485.09
3/30/2019,53.84615385,246.043956,60.16064475,484.46
3/31/2019,52.30769231,246.6178266,61.68538895,487.84
4/1/2019,302.2222222,247.6312576,62.224951,489.75
4/2/2019,363.4188034,244.8962149,63.87914621,559.18
4/3/2019,301.5384615,246.8009768,65.63036239,600.67
4/4/2019,306.4957265,241.978022,66.76097312,596.96
4/5/2019,263.5897436,240.9157509,66.17815248,598.2
4/6/2019,69.91452991,242.1978022,64.59216079,606.06
4/7/2019,22.05128205,242.7838828,65.39952706,617.31
4/8/2019,244.957265,240.9279609,65.99728959,630.68
4/9/2019,238.974359,228.5958486,64.80150925,624.8
4/10/2019,256.7521368,224.4566545,64.57138895,635.01
4/11/2019,204.957265,223.980464,64.60488654,597.25
4/12/2019,181.025641,212.0757021,64.77845098,602.53
4/13/2019,43.07692308,204.4322344,65.37732034,606.04
4/14/2019,51.62393162,203.6630037,64.00342154,603.01
4/15/2019,256.7521368,203.6141636,62.83648828,615.46
4/16/2019,253.1623932,200.3663004,62.00036615,602.33
4/17/2019,224.7863248,192.4908425,61.17277024,619.16
4/18/2019,211.7948718,187.008547,60.70200367,625.7
4/19/2019,96.41025641,180.2442002,61.70157115,625.11
4/20/2019,34.35897436,168.3028083,61.7346902,631.12
4/21/2019,21.53846154,165.7631258,62.33289381,621.96
4/22/2019,104.6153846,165.7264957,62.98674891,629.7
4/23/2019,280.5128205,155.7020757,64.50438148,655.89
4/24/2019,258.4615385,158.6691087,65.17484932,634.82
4/25/2019,216.9230769,158.7912088,65.52325261,634.94
4/26/2019,250.7692308,159.6459096,66.040025,607.53
4/27/2019,62.73504274,164.6275946,65.7243687,607.01
4/28/2019,56.06837607,166.031746,65.72323272,610.72
4/29/2019,264.957265,166.3492063,65.45310899,600.48
4/30/2019,276.4102564,166.9352869,64.50902113,620.18
5/1/2019,120.1709402,168.5958486,63.9723477,622.87
5/2/2019,324.6153846,161.1233211,62.58827964,636.29
5/3/2019,212.991453,169.1819292,61.9563691,672.64
5/4/2019,62.73504274,177.5091575,63.18516946,650.55
5/5/2019,38.29059829,179.5360195,64.02567331,665.63
5/6/2019,275.042735,180.7326007,64.71601198,663.15
5/7/2019,294.3589744,192.9059829,65.76665274,680.35
5/8/2019,232.6495726,193.8949939,66.64812109,679.52
5/9/2019,334.7008547,192.0512821,68.228847,689.62
5/10/2019,236.4102564,200.4639805,68.99969983,713.09
5/11/2019,49.4017094,199.4383394,71.71286257,775.79
5/12/2019,23.58974359,198.4859585,73.1277952,789.94
5/13/2019,288.5470085,196.1660562,73.87205991,846.38
5/14/2019,295.3846154,197.8510379,74.82461057,905.39
5/15/2019,290.9401709,199.2063492,75.9927938,908.9
5/16/2019,301.3675214,211.4041514,77.44564184,929.94
5/17/2019,267.3504274,209.7435897,78.2149867,836.72
5/18/2019,41.88034188,213.6263736,76.33236128,858.2
5/19/2019,50.25641026,212.1367521,76.81657135,926.43
5/20/2019,277.7777778,212.991453,77.0400492,907.51
5/21/2019,281.025641,213.1868132,77.10744343,924.88
5/22/2019,298.4615385,212.2344322,75.9144239,917.4
5/23/2019,309.5726496,216.9352869,75.23679125,896.05
5/24/2019,274.5299145,215.1404151,74.74399585,938.97
5/25/2019,64.44444444,217.8632479,74.6929458,938.45
5/26/2019,20.17094017,218.9377289,74.51249659,930.13
5/27/2019,219.3162393,218.6935287,74.58189353,1018.45
5/28/2019,326.6666667,213.7484737,73.95142793,1011.03
5/29/2019,317.7777778,215.982906,75.46228444,1015.45
5/30/2019,211.2820513,217.8998779,75.94048269,1025.75
5/31/2019,216.0683761,211.4652015,76.87746515,978.67
6/1/2019,39.14529915,207.8021978,77.75726666,988.11
6/2/2019,29.57264957,207.6068376,76.99894093,1011.81
6/3/2019,268.034188,206.1294261,77.36142274,974.39
6/4/2019,248.034188,205.4334554,78.44490882,924.52
6/5/2019,287.008547,203.0769231,76.80779224,895.57
6/6/2019,298.8034188,202.2588523,75.69926762,897.66
6/7/2019,208.5470085,201.4896215,73.12331874,927.49
6/8/2019,45.12820513,196.7765568,70.47145605,926.37
6/9/2019,33.16239316,195.3968254,69.553642,908.68
6/10/2019,205.2991453,196.3247863,68.39651623,928.09
6/11/2019,284.4444444,195.3235653,67.0261163,912.33
6/12/2019,274.1880342,192.3076923,67.42203658,941.56
6/13/2019,258.4615385,189.1941392,67.8340115,959.41
6/14/2019,236.2393162,192.5641026,68.68354511,979.11
6/15/2019,76.75213675,194.004884,71.48541475,1013.32
6/16/2019,39.48717949,196.6910867,74.22644475,1069.33
6/17/2019,301.025641,197.3992674,75.25950022,1084.12
6/18/2019,276.9230769,199.7557998,75.9279349,1051.23
6/19/2019,282.3931624,201.8192918,76.05495675,1045.84
6/20/2019,234.7008547,201.4896215,76.22442166,1073.62
6/21/2019,248.3760684,196.9108669,77.63123455,1126.34
6/22/2019,54.18803419,199.7557998,79.62592348,1227.4
6/23/2019,26.66666667,200.4029304,78.80984848,1227.58
6/24/2019,238.974359,199.9389499,77.711771,1245.49
6/25/2019,329.0598291,202.3443223,78.15443428,1273.61
6/26/2019,258.974359,205.5311355,79.33479851,1428.98
6/27/2019,262.0512821,204.4444444,80.07187268,1325.44
6/28/2019,257.4358974,204.7008547,79.09738807,1301.72
6/29/2019,70.5982906,206.2148962,77.2508581,1324.16
6/30/2019,67.86324786,205.7753358,77.36895946,1250.31
7/1/2019,276.4102564,207.8021978,77.61946348,1149.97
7/2/2019,282.5641026,206.043956,75.82542258,1184.02
7/3/2019,307.8632479,206.4468864,73.64175474,1268.1
7/4/2019,318.4615385,208.2661783,71.04591585,1312.72
7/5/2019,252.1367521,214.2490842,69.64156847,1262.38
7/6/2019,55.72649573,214.5177045,67.46908714,1272.13
7/7/2019,36.75213675,214.6275946,64.96797903,1261.77
7/8/2019,327.5213675,215.3479853,64.71797005,1320.78
7/9/2019,293.3333333,221.6727717,65.75487631,1358.77
7/10/2019,296.2393162,219.1208791,67.0018482,1367.29
7/11/2019,308.7179487,221.7826618,68.4491826,1276.77
7/12/2019,249.2307692,225.1159951,69.15483993,1267
7/13/2019,59.48717949,224.5299145,69.42506402,1234.81
7/14/2019,34.52991453,223.7362637,70.85672575,1149.02
7/15/2019,295.042735,221.3553114,71.51904521,1138.96
7/16/2019,262.7350427,222.6862027,70.81062998,1117.15
7/17/2019,272.4786325,221.2698413,70.17607716,1049.52
7/18/2019,251.2820513,218.7423687,69.87386325,1113.13
7/19/2019,254.5299145,213.9438339,68.92724662,1111.03
7/20/2019,45.12820513,214.1147741,67.81950593,1145.28
7/21/2019,59.82905983,213.3577534,65.16336239,1122.22
7/22/2019,289.5726496,215.006105,62.85082507,1098.71
7/23/2019,304.1025641,212.2954823,61.09076297,1074.83
7/24/2019,315.5555556,213.0647131,58.08432166,1066.91
7/25/2019,313.1623932,214.4444444,55.4503695,1081.62
7/26/2019,221.5384615,214.7619048,55.36727777,1061.75
7/27/2019,49.23076923,212.7838828,54.75665118,1021.25
7/28/2019,26.32478632,212.0512821,53.90332965,1028.92
7/29/2019,311.2820513,211.4652015,54.09258201,1031.3
7/30/2019,278.974359,212.6251526,53.85284161,1037.64
7/31/2019,300.3418803,213.7851038,54.38461296,1080.96
8/1/2019,271.4529915,215.7753358,54.50495052,1082.18
8/2/2019,237.9487179,217.2161172,54.00839331,1140.76
8/3/2019,35.8974359,216.031746,53.96756632,1160.59
8/4/2019,36.41025641,215.3724054,54.65997128,1158.74
8/5/2019,267.6923077,213.6996337,55.37663912,1256.41
8/6/2019,278.8034188,212.1367521,56.97906777,1248.69
8/7/2019,372.991453,210.3296703,57.64689712,1278.53
8/8/2019,274.017094,214.4322344,57.57919649,1239.1
8/9/2019,278.2905983,211.6361416,57.38616618,1236.21
8/10/2019,60,215.6898657,57.25547174,1197.06
8/11/2019,34.52991453,216.4590965,57.20900867,1202.77
8/12/2019,285.4700855,217.045177,54.47487032,1202.63
8/13/2019,297.0940171,215.2014652,52.820051,1161.86
8/14/2019,288.5470085,216.4957265,52.40278106,1117.7
8/15/2019,273.3333333,215.6532357,53.42127757,1059.09
8/16/2019,289.5726496,215.7875458,53.43157247,1065.17
8/17/2019,53.67521368,219.4749695,54.08237757,1087
8/18/2019,78.63247863,220.7448107,54.23130728,1100.24
8/19/2019,273.1623932,223.7606838,54.99551192,1136.98
8/20/2019,264.7863248,224.1514042,55.30749059,1120.82
8/21/2019,201.7094017,223.1501832,55.91544115,1056.29
8/22/2019,258.6324786,210.9157509,54.82001641,1068.92
8/23/2019,198.1196581,209.8168498,54.72250102,1102.37
8/24/2019,83.41880342,204.0903541,53.56225097,1058.31
8/25/2019,23.41880342,205.7631258,53.24996685,1064.46
8/26/2019,238.4615385,204.969475,53.67176573,1089.18
8/27/2019,276.9230769,201.6117216,52.62613251,1074.25
8/28/2019,241.8803419,200.1709402,51.12517033,1078.92
8/29/2019,259.4871795,196.8376068,51.8990645,986.11
8/30/2019,202.7350427,195.8485958,51.71773401,1006.99
8/31/2019,30.08547009,189.6459096,52.77127825,1006.93
9/1/2019,25.2991453,187.960928,52.93384241,1009.29
9/2/2019,208.7179487,184.1514042,52.45917145,1039.83
9/3/2019,270.7692308,179.5482295,54.30774847,1110.76
9/4/2019,298.2905983,179.97558,54.29739279,1086.6
9/5/2019,266.1538462,186.8742369,54.07402548,1097.15
9/6/2019,202.5641026,187.4114774,55.33928743,1128.56
9/7/2019,55.55555556,187.7289377,55.36479524,1087.37
9/8/2019,45.47008547,185.7387057,55.73899637,1095.39
9/9/2019,282.3931624,187.3137973,55.57317597,1087.16
9/10/2019,304.957265,190.4517705,53.91595643,1073.95
9/11/2019,285.4700855,192.4542125,53.91272435,1054.08
9/12/2019,28.03418803,195.5677656,53.82483985,1082.57
9/13/2019,220.5128205,179.035409,51.12729873,1078.11
9/14/2019,35.21367521,180.3052503,50.59034518,1089.75
9/15/2019,32.47863248,180.6715507,49.73545713,1083.75
9/16/2019,297.6068376,181.1843712,50.28392124,1075.62
9/17/2019,283.7606838,187.5335775,50.79797827,1088.45
9/18/2019,252.4786325,188.4615385,51.72114701,1090.3
9/19/2019,305.8119658,185.1892552,51.45010208,1060.9
9/20/2019,220.3418803,188.021978,53.79143728,1093.37
9/21/2019,53.67521368,189.2918193,53.80535956,1076.15
9/22/2019,38.29059829,189.1575092,54.59072559,1072.6
9/23/2019,284.4444444,188.6446886,53.34225588,1062.9
9/24/2019,244.7863248,188.7912088,54.95149147,1012.55
9/25/2019,265.6410256,184.4932845,55.33607305,889.12
9/26/2019,235.3846154,183.0769231,55.02677563,869.84
9/27/2019,230.7692308,197.8876679,53.54968621,849.37
9/28/2019,74.35897436,198.6202686,52.86207984,864.09
9/29/2019,86.66666667,201.4163614,52.19736763,852.13
9/30/2019,328.2051282,205.2869353,53.0048432,880.02
10/1/2019,338.2905983,207.4725275,50.57920025,892.61
10/2/2019,315.3846154,211.3675214,48.3731679,882.25
10/3/2019,225.2991453,215.8608059,46.84899229,867.11
10/4/2019,243.9316239,210.1098901,46.00693766,877.26
10/5/2019,46.66666667,211.7948718,45.95167019,862.11
10/6/2019,43.93162393,211.2942613,45.72329798,854.38
10/7/2019,215.042735,211.6971917,44.5273197,875.85
10/8/2019,199.4871795,206.7399267,43.86621494,879.7
10/9/2019,194.017094,203.5042735,45.14389397,910.18
10/10/2019,184.2735043,198.3882784,46.40791349,914.86
10/11/2019,197.2649573,194.7374847,46.69597779,892.16
10/12/2019,59.48717949,192.3443223,46.25657694,898.93
10/13/2019,54.35897436,191.2820513,45.9278871,901.85
10/14/2019,264.6153846,188.974359,47.1877696,886.57
10/15/2019,316.7521368,184.4322344,47.27681265,885.86
10/16/2019,283.9316239,182.8937729,46.08213914,852.86
10/17/2019,253.5042735,180.6471306,45.04629139,864.43
10/18/2019,219.4871795,182.6617827,45.0994971,847.04
10/19/2019,73.5042735,180.9157509,45.92015688,858.4
10/20/2019,47.86324786,182.8327228,45.70063325,857.74
10/21/2019,313.5042735,183.1135531,44.84715771,883.98
10/22/2019,321.025641,190.1465201,44.35271389,876.58
10/23/2019,338.4615385,198.8278388,44.96802396,798.37
10/24/2019,271.7948718,209.1452991,45.8489633,801.64
10/25/2019,267.008547,215.3968254,46.51369999,823.03
10/26/2019,61.36752137,220.3785104,47.76787979,968.57
10/27/2019,78.8034188,220.5128205,48.43500363,1000.48
10/28/2019,342.3931624,222.2588523,49.37387563,994.87
10/29/2019,265.4700855,227.8144078,49.85361292,992.92
10/30/2019,257.2649573,224.1514042,49.06758649,968.99
10/31/2019,355.042735,222.2466422,48.38251384,979.58
11/1/2019,231.7948718,229.4993895,47.79522601,969.63
11/2/2019,88.54700855,230.3785104,45.76348432,981.79
11/3/2019,39.48717949,231.4529915,45.33267814,975.76
11/4/2019,285.982906,230.8547009,44.73714933,982.5
11/5/2019,314.8717949,228.8888889,46.4587589,990.15
11/6/2019,345.6410256,228.4493284,46.42594049,999.83
11/7/2019,286.8376068,228.962149,47.06869763,979.09
11/8/2019,304.2735043,230.03663,47.208358,941.77
11/9/2019,157.2649573,232.6984127,46.93335125,941.68
11/10/2019,155.3846154,239.5482295,46.70096829,945
11/11/2019,368.5470085,245.018315,45.31990275,935.05
11/12/2019,389.7435897,246.8864469,43.06164004,933.27
11/13/2019,340.6837607,255.7631258,42.93584157,939.36
11/14/2019,354.8717949,261.7216117,41.5862411,934.21
11/15/2019,235.7264957,261.7094017,41.87283178,907.59
11/16/2019,62.22222222,261.990232,41.40297404,910.86
11/17/2019,41.02564103,260.1098901,40.45380339,916.39
11/18/2019,293.1623932,260.2197802,40.80090822,902.46
11/19/2019,363.0769231,260.7326007,40.79267946,868.12
11/20/2019,376.7521368,264.1758242,40.32136068,871.78
11/21/2019,349.5726496,266.3980464,42.02661129,814.91
11/22/2019,332.8205128,270.8791209,43.68261784,759.69
11/23/2019,55.04273504,272.9181929,46.13381541,779.59
11/24/2019,29.74358974,265.6166056,47.60807073,751.31
11/25/2019,320.5128205,256.6422466,49.61801522,773.83
11/26/2019,375.5555556,253.2112332,50.16907237,756.41
11/27/2019,313.3333333,252.1978022,51.12887759,781.35
11/28/2019,284.7863248,250.2442002,49.70400232,809.08
11/29/2019,232.3076923,245.2380952,46.73538568,829.58
11/30/2019,58.46153846,244.993895,45.42642669,801.43
12/1/2019,58.97435897,244.7252747,45.53668557,777.38
12/2/2019,340.3418803,246.007326,44.89717816,772.33
12/3/2019,366.8376068,249.3772894,45.28179768,779.69
12/4/2019,376.0683761,249.6459096,46.29698778,792.54
12/5/2019,350.2564103,249.5970696,46.85977743,778
12/6/2019,290.0854701,249.6459096,47.98658649,781.69
12/7/2019,49.05982906,246.5934066,47.26337094,795.75
12/8/2019,64.1025641,246.1660562,46.87179125,800.26
12/9/2019,390.9401709,248.6202686,46.41459008,786.68
12/10/2019,339.8290598,253.6507937,46.67967523,767.18
12/11/2019,361.025641,251.0989011,44.77202328,760.37
12/12/2019,389.7435897,254.5054945,45.49496629,762.13
12/13/2019,315.2136752,262.002442,46.29565953,769.28
12/14/2019,72.30769231,267.9242979,47.88564611,749.12
12/15/2019,47.69230769,268.9133089,48.893129,755.31
12/16/2019,298.1196581,268.1074481,49.36153956,751.11
12/17/2019,307.5213675,265.0915751,51.28484468,705.8
12/18/2019,289.5726496,260.8547009,55.01829566,716.87
12/19/2019,261.8803419,254.6764347,55.82997716,746.07
12/20/2019,214.8717949,248.3638584,56.40101026,747.18
12/21/2019,62.90598291,242.991453,57.06128176,745.94
12/22/2019,42.90598291,243.980464,57.48886605,751.78
12/23/2019,184.6153846,242.4664225,57.79372766,791.03
12/24/2019,101.8803419,227.7289377,54.98225293,758.12
12/25/2019,30.94017094,210.7326007,51.11767882,748.39
12/26/2019,51.45299145,187.1550672,49.46867131,753.35
12/27/2019,112.1367521,162.991453,47.8992838,755.34
12/28/2019,43.76068376,148.4859585,46.48323036,763.52
12/29/2019,43.41880342,146.4468864,45.61180566,774.56
12/30/2019,144.1025641,146.1416361,44.63155933,760.49
12/31/2019,77.77777778,135.1404151,43.68173218,754.5
1/1/2020,34.7008547,118.7301587,42.26817668,759.05
1/2/2020,215.3846154,100.5250305,40.6203965,748.14
1/3/2020,251.965812,97.2039072,41.1360794,768.31
1/4/2020,68.71794872,99.85347985,41.08312992,768.7
1/5/2020,55.55555556,100.2686203,41.0952955,785.16
1/6/2020,275.5555556,101.1721612,40.85853804,792.68
1/7/2020,311.4529915,107.6678877,43.28721099,814.57
1/8/2020,273.3333333,122.6373626,46.66210232,865.06
1/9/2020,352.4786325,139.95116,49.20825408,826.43
1/10/2020,289.9145299,161.4529915,50.28628468,847.19
1/11/2020,45.81196581,174.1514042,50.58688198,851.21
1/12/2020,34.52991453,174.2979243,50.04466896,857.18
1/13/2020,290.5982906,173.6630037,49.35702041,849.33
1/14/2020,294.8717949,184.1269841,50.85031387,922.1
1/15/2020,302.3931624,199.6336996,52.66217257,928.62
1/16/2020,305.4700855,218.7545788,53.92817294,924.09
1/17/2020,242.3931624,225.1892552,53.47568557,942.55
1/18/2020,61.53846154,224.5054945,54.22133392,950.86
1/19/2020,28.03418803,223.992674,54.9194483,919.08
1/20/2020,285.982906,222.026862,55.67634259,925.56
1/21/2020,255.2136752,222.7716728,52.16576585,923.18
1/22/2020,316.2393162,218.7545788,48.84740561,923.78
1/23/2020,329.0598291,221.8192918,47.75272028,892.39
1/24/2020,260,220.1465201,44.97926159,905.25
1/25/2020,55.04273504,218.009768,42.30158281,886.94
1/26/2020,34.35897436,218.6691087,41.13201262,901.83
1/27/2020,308.7179487,218.6568987,40.00772299,939
1/28/2020,284.6153846,219.95116,41.01627349,962.16
1/29/2020,313.3333333,219.2185592,41.93730988,988.7
1/30/2020,321.7094017,220,42.72015572,1001.79
1/31/2020,254.3589744,221.1599512,45.24092484,997.72
2/1/2020,497.0940171,222.014652,47.28581129,999.87
2/2/2020,423.2478632,253.1257631,48.14473593,1018.36
2/3/2020,368.2051282,281.3553114,50.99492572,996.94
2/4/2020,358.974359,287.2283272,50.51550114,991.34
2/5/2020,296.5811966,294.6398046,51.15507349,1028.61
2/6/2020,373.8461538,293.2356532,52.55747793,1064.86
2/7/2020,307.8632479,296.4346764,53.03598331,1069.47
2/8/2020,68.03418803,299.8534799,53.98664356,1076.53
2/9/2020,76.75213675,300.7814408,55.34345381,1102.1
2/10/2020,411.2820513,303.8095238,54.44860178,1079.4
2/11/2020,319.4871795,311.1355311,56.51665338,1112.22
2/12/2020,348.8888889,313.6263736,58.78703471,1140.78
2/13/2020,365.1282051,316.1660562,58.27703111,1144.16
2/14/2020,263.4188034,319.2673993,58.39703039,1146.97
2/15/2020,85.12820513,319.9145299,58.52970366,1118.41
2/16/2020,52.64957265,290.4884005,58.74741088,1096.37
2/17/2020,264.7863248,264.017094,60.36576577,1072.41
2/18/2020,317.4358974,256.6300366,59.90836811,1100.46
2/19/2020,334.5299145,253.6630037,58.74683306,1133.04
2/20/2020,303.9316239,256.3736264,57.62080862,1061.36
2/21/2020,302.2222222,251.3797314,56.61032186,1082.42
2/22/2020,68.37606838,250.976801,55.5902157,1072.63
2/23/2020,32.30769231,251.001221,55.14894652,1101.56
2/24/2020,258.974359,247.8266178,53.51395878,1083.53
2/25/2020,302.3931624,236.9474969,53.73005136,1042.91
2/26/2020,332.4786325,235.7264957,53.7776785,987.34
2/27/2020,267.008547,234.5543346,54.65401558,976.2
2/28/2020,258.8034188,227.5457875,56.17869188,961.19
2/29/2020,57.94871795,227.2161172,55.99062335,954.07
3/1/2020,48.03418803,225.2747253,56.21517161,942.69
3/2/2020,287.6923077,224.9450549,57.0087077,973.26
3/3/2020,309.2307692,226.5811966,56.32915108,964.34
3/4/2020,291.7948718,225.995116,55.24939199,957.31
3/5/2020,350.4273504,222.9426129,55.32156963,999.07
3/6/2020,298.4615385,226.2637363,54.86044379,994.31
3/7/2020,68.20512821,225.995116,55.17465777,1011.74
3/8/2020,55.04273504,225.982906,55.27652027,923.34
3/9/2020,289.9145299,227.6068376,56.37313475,846.69
3/10/2020,333.6752137,229.8168498,57.45040812,848.98
3/11/2020,321.7094017,232.0512821,57.91931263,847.77
3/12/2020,307.3504274,231.2820513,59.84761173,660.18
3/13/2020,295.042735,234.1636142,62.03162227,567.15
3/14/2020,91.62393162,236.7521368,63.69436399,577.29
3/15/2020,56.41025641,239.1575092,63.02087148,577.35
3/16/2020,292.991453,239.7557998,63.11004765,557.06
3/17/2020,305.1282051,240.1343101,63.56971784,548.91
3/18/2020,362.2222222,239.8412698,63.39663545,555.9
3/19/2020,331.965812,244.8717949,61.88115747,606.07
3/20/2020,369.9145299,243.5531136,60.8379347,710.6
3/21/2020,111.4529915,248.6568987,59.12159619,667.64
3/22/2020,68.03418803,251.7460317,59.98714809,651.54
3/23/2020,373.3333333,252.6739927,58.38600028,666.57
3/24/2020,395.3846154,258.6324786,58.20503239,704.82
3/25/2020,369.7435897,263.040293,57.18017461,706.77
3/26/2020,392.8205128,266.4713065,55.1673191,706.05
3/27/2020,325.2991453,272.5763126,52.00068924,707.26
3/28/2020,80.85470085,274.7374847,52.04222908,664.4
3/29/2020,62.90598291,273.968254,50.24218795,658.38
3/30/2020,355.8974359,274.4322344,49.11829698,677.34
3/31/2020,405.1282051,278.9255189,47.72174452,689.71
4/1/2020,395.8974359,286.0683761,47.45162822,670.07
4/2/2020,314.5299145,288.4737485,48.20412556,724.62
4/3/2020,350.9401709,287.2283272,48.98792552,726.44
4/4/2020,88.54700855,285.8730159,48.84850349,719.34
4/5/2020,81.88034188,284.2368742,49.02795735,725.36
4/6/2020,454.5299145,285.2258852,51.19170222,763.27
4/7/2020,374.8717949,291.025641,52.68657662,788.52
4/8/2020,347.5213675,289.5604396,52.92762626,779.42
4/9/2020,381.1965812,287.973138,53.6682076,794.27
4/10/2020,222.5641026,287.1428571,53.97777024,740.57
4/11/2020,90.42735043,279.8046398,53.4283578,729.76
4/12/2020,53.5042735,280.4884005,53.19660889,753.86
4/13/2020,216.2393162,279.8168498,51.11362299,724.7
4/14/2020,428.8888889,269.8412698,49.04384448,744.45
4/15/2020,351.6239316,271.5384615,49.40795128,726.8
4/16/2020,395.5555556,268.3760684,50.40836148,763.25
4/17/2020,311.2820513,274.1636142,50.50133811,763.51
4/18/2020,58.46153846,271.3308913,52.14940137,778.69
4/19/2020,58.97435897,269.1819292,52.7592461,775.89
4/20/2020,359.1452991,267.5457875,54.4883745,765.4
4/21/2020,336.2393162,260.7326007,56.2068974,743.3
4/22/2020,455.2136752,257.973138,57.10004761,775.35
4/23/2020,450.2564103,265.6654457,57.05490703,811.18
4/24/2020,422.5641026,270.5982906,59.94465893,816.35
4/25/2020,78.8034188,284.8840049,59.66467786,828.23
4/26/2020,58.63247863,284.0537241,60.63184963,835.27
4/27/2020,412.991453,284.4200244,61.5873878,835.98
4/28/2020,407.5213675,298.4737485,61.06093782,837.6
4/29/2020,360.3418803,296.9474969,64.12627892,908.69
4/30/2020,428.8888889,297.5702076,66.15139878,952.62
5/1/2020,212.1367521,299.95116,64.91228428,952.64
5/2/2020,67.52136752,292.8693529,64.96989856,947.33
5/3/2020,40.85470085,293.5164835,64.99040337,949.68
5/4/2020,425.982906,292.2222222,65.0347295,942.88
5/5/2020,420.5128205,296.996337,64.82251064,952.23
5/6/2020,440.6837607,303.015873,62.61411622,986.5
5/7/2020,409.5726496,301.978022,61.70580387,996.97
5/8/2020,261.025641,299.0720391,62.77335688,1054.69
5/9/2020,78.8034188,287.5335775,65.19102716,1033.31
5/10/2020,101.025641,287.5335775,66.53157243,920.65
5/11/2020,402.5641026,290.5616606,66.45621798,938.89
5/12/2020,411.7948718,289.8168498,68.7620659,944.79
5/13/2020,365.982906,290.1221001,70.08890683,964.27
5/14/2020,399.8290598,290.5250305,68.22257874,1014.39
5/15/2020,367.3504274,288.4493284,67.43477403,1009.8
5/16/2020,86.32478632,299.5360195,64.95340505,998.09
5/17/2020,58.29059829,300.8791209,62.67847023,1037.61
5/18/2020,423.9316239,302.1245421,61.96003722,1030.89
5/19/2020,398.8034188,301.978022,59.4740097,1029.61
5/20/2020,386.6666667,300.4273504,57.79669631,1037.3
5/21/2020,273.8461538,296.5689866,58.67797632,964.43
5/22/2020,290.7692308,286.8742369,57.66255214,972.09
5/23/2020,73.33333333,288.998779,57.41926742,981.21
5/24/2020,65.2991453,288.6080586,57.75555078,968
5/25/2020,353.8461538,286.0561661,57.31220592,936.85
5/26/2020,358.8034188,282.5763126,57.10102388,941.64
5/27/2020,362.2222222,278.7912088,56.71044774,975
5/28/2020,381.8803419,278.5225885,56.22276956,1007.45
5/29/2020,277.7777778,277.2405372,56.81911167,1009.59
5/30/2020,92.47863248,270.8424908,57.42219102,1030.6
5/31/2020,77.43589744,271.2820513,59.7911002,1021.89
6/1/2020,237.6068376,272.6495726,61.01794225,1032.23
6/2/2020,384.6153846,259.3406593,64.53081481,1031.12
6/3/2020,325.8119658,258.3272283,64.25817892,1034.62
6/4/2020,303.9316239,253.980464,64.33372711,1052.98
6/5/2020,307.008547,256.1294261,64.46679656,1046.38
6/6/2020,91.62393162,257.2893773,63.51254751,1043.27
6/7/2020,63.58974359,258.5958486,62.18127924,1021.9
6/8/2020,396.2393162,258.4737485,60.99887044,1044.7
6/9/2020,362.7350427,261.5018315,58.149874,1049.98
6/10/2020,165.2991453,261.7826618,58.53612457,1053.5
6/11/2020,420.1709402,247.7167277,58.93762211,1037.33
6/12/2020,396.7521368,250.4517705,57.48687456,1016.75
6/13/2020,99.65811966,258.9499389,56.73129007,1021.14
6/14/2020,88.20512821,259.4627595,56.82255905,1009.15
6/15/2020,404.957265,260.2319902,58.05783042,989.45
6/16/2020,466.8376068,272.1855922,59.3786791,1015.79
6/17/2020,450.7692308,278.0586081,60.58439882,1013.67
6/18/2020,443.9316239,286.984127,59.68961193,1015.59
6/19/2020,363.2478632,296.984127,61.62500056,1008.09
6/20/2020,58.63247863,301.001221,62.83814605,998.77
6/21/2020,47.35042735,298.6446886,62.74649032,1006.58
6/22/2020,388.034188,297.4847375,62.70359555,1021.85
6/23/2020,381.5384615,296.8986569,62.9002066,1040.44
6/24/2020,420.3418803,298.2417582,62.19105455,1003.13
6/25/2020,351.2820513,316.4590965,64.11567067,998.81
6/26/2020,260.3418803,311.5384615,63.6514979,980.51
6/27/2020,58.63247863,301.7948718,63.89378394,986.13
6/28/2020,38.97435897,298.8644689,64.74348716,984.95
6/29/2020,258.6324786,295.3479853,63.11874791,974.08
6/30/2020,403.4188034,284.8962149,62.59292839,987.23
7/1/2020,372.8205128,280.3663004,62.9386783,992.53
7/2/2020,366.1538462,274.7985348,61.93033124,989.99
7/3/2020,292.991453,269.2429792,61.19492496,979.02
7/4/2020,62.39316239,264.2246642,61.11509006,977.96
7/5/2020,41.88034188,264.4932845,60.37840365,973.56
7/6/2020,453.8461538,264.1025641,61.45698083,1000.72
7/7/2020,400.1709402,268.8034188,62.24105691,1001.95
7/8/2020,497.0940171,270.1343101,63.008822,1023.32
7/9/2020,389.7435897,275.6166056,62.59419689,1009.01
7/10/2020,368.3760684,278.3638584,62.75981022,997.28
7/11/2020,56.75213675,286.0805861,63.02003283,1001.73
7/12/2020,43.41880342,285.9462759,64.24662063,999.02
7/13/2020,319.1452991,286.2637363,65.39958185,1009.91
7/14/2020,403.2478632,290.5860806,65.57439474,998.29
7/15/2020,324.6153846,290.5738706,65.13700491,1000.91
7/16/2020,349.9145299,287.1306471,66.01563138,983.98
7/17/2020,288.7179487,285.970696,66.38243684,988.26
7/18/2020,106.8376068,285.6654457,67.729232,991.47
7/19/2020,57.43589744,288.8400488,67.00525792,987.57
7/20/2020,334.3589744,289.95116,65.72078817,993.03
7/21/2020,338.2905983,281.4163614,65.55966552,1016.44
7/22/2020,342.9059829,276.996337,66.47848153,1013.43
7/23/2020,384.2735043,265.982906,67.04423256,1039.59
7/24/2020,307.008547,265.5921856,67.44049367,1048.74
7/25/2020,114.7008547,261.2087912,67.1529512,1059.44
7/26/2020,79.31623932,265.3479853,69.24645785,1109.03
7/27/2020,459.4871795,267.9120879,71.57949127,1155.68
7/28/2020,427.6923077,277.9365079,72.97815847,1230.32
7/29/2020,352.6495726,279.6825397,73.42750413,1223.77
7/30/2020,357.7777778,281.6849817,74.10151811,1209.54
7/31/2020,294.017094,282.2466422,75.2607033,1253.56
8/1/2020,72.13675214,282.6251526,75.91647494,1291.24
8/2/2020,56.58119658,280.1465201,76.14174025,1252.37
8/3/2020,347.8632479,280.0854701,75.15658772,1282.82
8/4/2020,306.8376068,281.0500611,74.40128807,1271.15
8/5/2020,369.0598291,278.8034188,73.39303822,1312.13
8/6/2020,335.2136752,280.6715507,72.56978565,1330.43
8/7/2020,244.957265,277.1672772,72.21132581,1309.88
8/8/2020,54.7008547,272.7350427,71.63987615,1321.23
8/9/2020,55.55555556,268.4493284,70.76643488,1302.33
8/10/2020,296.4102564,266.7521368,71.62447746,1338.18
8/11/2020,312.8205128,255.1037851,71.79616235,1301.16
8/12/2020,318.8034188,246.8986569,72.07530401,1302.6
8/13/2020,316.5811966,244.4810745,72.76695567,1299.95
8/14/2020,320.8547009,241.5384615,73.39501997,1336.81
8/15/2020,47.52136752,243.4554335,74.07783885,1350
8/16/2020,36.92307692,241.6971917,74.61574827,1346.58
8/17/2020,365.8119658,240.2930403,74.63912485,1385.57
8/18/2020,338.6324786,241.5750916,75.24333667,1359.49
8/19/2020,304.6153846,243.8461538,75.98936878,1333.51
8/20/2020,356.7521368,239.2429792,75.12004321,1345.09
8/21/2020,72.30769231,240.7814408,73.37345549,1328.99
8/22/2020,0,228.4493284,72.72525975,1309.34
8/23/2020,18.46153846,224.5421245,71.66234406,1307.93
8/24/2020,411.965812,221.8925519,70.6195013,1326.49
8/25/2020,365.1282051,230.1465201,69.63348652,1285.07
8/26/2020,369.2307692,233.8827839,68.53699617,1289.94
8/27/2020,324.2735043,237.4847375,68.84408487,1274.85
8/28/2020,365.1282051,238.034188,69.44737533,1292.09
8/29/2020,96.58119658,241.1965812,69.15599513,1300.66
8/30/2020,60,244.7008547,69.48309541,1322.11
8/31/2020,420.6837607,246.3492063,70.51330964,1343.99
9/1/2020,390.5982906,250.2686203,71.29656336,1378
9/2/2020,407.3504274,253.980464,72.51934255,1290.63
9/3/2020,366.6666667,261.3186813,73.11510827,1242.79
9/4/2020,369.5726496,262.026862,73.8196257,1169.55
9/5/2020,82.39316239,283.2600733,75.20898934,1159.67
9/6/2020,73.67521368,289.1452991,75.16641807,1146.18
9/7/2020,412.1367521,293.0891331,73.35630425,1119.85
9/8/2020,437.4358974,293.1013431,71.6863747,1131.46
9/9/2020,509.7435897,298.2661783,70.67645856,1149.97
9/10/2020,406.3247863,308.3028083,68.80024146,1171.19
9/11/2020,418.1196581,314.1636142,68.14264459,1163.18
9/12/2020,81.1965812,317.9487179,66.59424354,1170.96
9/13/2020,64.78632479,316.8498168,66.25314757,1166.79
9/14/2020,501.1965812,317.1916972,66.8111006,1196.98
9/15/2020,508.3760684,322.9426129,67.91868717,1202.61
9/16/2020,578.8034188,331.3553114,67.82118719,1212.77
9/17/2020,490.4273504,343.6019536,68.11464507,1215.43
9/18/2020,360.8547009,352.4420024,68.70949119,1228.28
9/19/2020,52.47863248,351.8192918,69.11356164,1238.4
9/20/2020,54.87179487,349.6825397,68.65384328,1208.61
9/21/2020,450.2564103,348.3394383,68.31415152,1146.88
9/22/2020,465.6410256,351.0622711,67.9826136,1151.41
9/23/2020,464.4444444,353.0769231,68.79515707,1153.19
9/24/2020,413.3333333,349.8412698,69.62781397,1146.95
9/25/2020,397.6068376,350.3418803,68.60119126,1172.92
9/26/2020,63.41880342,348.8766789,67.53280874,1185.8
9/27/2020,44.61538462,347.6068376,67.4661536,1182.56
9/28/2020,477.7777778,346.1660562,67.47192004,1206.36
9/29/2020,485.982906,344.4932845,67.62259276,1192.37
9/30/2020,444.2735043,342.8937729,66.4248323,1190.58
10/1/2020,429.5726496,333.2844933,66.09010695,1207.86
10/2/2020,398.974359,328.9377289,67.16886872,1162.77
10/3/2020,65.47008547,331.6605617,67.47094604,1165.43
10/4/2020,41.70940171,332.5885226,67.646127,1172.45
10/5/2020,427.3504274,331.6483516,66.67952794,1185.83
10/6/2020,425.982906,330.01221,65.85815775,1175.76
10/7/2020,451.7948718,327.1794872,66.54136379,1169.73
10/8/2020,511.4529915,326.2759463,65.80443532,1201.74
10/9/2020,451.2820513,333.2844933,65.62009697,1223.63
10/10/2020,82.05128205,337.1184371,66.52168513,1257.79
10/11/2020,87.52136752,338.4493284,67.07910991,1258.65
10/12/2020,487.3504274,341.5140415,68.07344331,1273.45
10/13/2020,450.2564103,342.1978022,68.19109026,1265.09
10/14/2020,448.2051282,339.6459096,67.64594525,1266.27
10/15/2020,486.3247863,339.9267399,68.11258968,1263.43
10/16/2020,473.5042735,343.980464,67.71631407,1251.58
10/17/2020,65.2991453,349.3040293,67.04391909,1254.19
10/18/2020,46.15384615,349.2918193,66.40312704,1265.38
10/19/2020,523.7606838,349.6092796,67.274331,1287.17
10/20/2020,427.8632479,356.4957265,67.90052087,1302.94
10/21/2020,483.4188034,356.6300366,68.88151891,1388.71
10/22/2020,811.2820513,358.8888889,70.75838364,1423.72
10/23/2020,394.7008547,380.3052503,70.93497116,1423.96
10/24/2020,67.86324786,376.2637363,71.01069695,1439.56
10/25/2020,54.52991453,375.2503053,70.80448133,1423.14
10/26/2020,614.017094,372.8937729,69.81807884,1416.43
10/27/2020,606.1538462,381.9413919,69.06558305,1479.6
10/28/2020,555.042735,393.0769231,68.13316722,1435.33
10/29/2020,561.1965812,400.7081807,66.4426771,1453.56
10/30/2020,780.6837607,406.0561661,66.01523983,1457
10/31/2020,87.52136752,427.997558,66.93604473,1489.43
11/1/2020,95.8974359,429.5848596,68.38900819,1484.02
11/2/2020,445.6410256,433.1379731,68.10226087,1453.89
11/3/2020,491.7948718,427.5579976,69.4790145,1467.3
11/4/2020,475.7264957,432.1245421,68.93041867,1484.5
11/5/2020,444.957265,431.5750916,69.72207596,1610.17
11/6/2020,401.7094017,405.4090354,70.46397428,1652.61
11/7/2020,69.57264957,405.9096459,69.91709709,1653.51
11/8/2020,53.67521368,406.031746,68.98560062,1659.77
11/9/2020,531.1111111,405.970696,69.18563281,1619.63
11/10/2020,518.6324786,400.04884,67.66307776,1636.17
11/11/2020,407.1794872,393.7973138,67.9639129,1691.62
11/12/2020,412.1367521,383.2356532,67.18455817,1731.92
11/13/2020,377.2649573,372.5885226,66.24301873,1733.77
11/14/2020,61.53846154,343.7728938,65.18679564,1713.92
11/15/2020,45.98290598,341.9169719,64.48703175,1717.75
11/16/2020,385.982906,338.3516484,63.74034163,1758.99
11/17/2020,524.6153846,334.0903541,64.68330037,1845.29
11/18/2020,450.4273504,336.4346764,65.55220959,1894.1
11/19/2020,492.991453,334.6275946,64.60222836,1914.27
11/20/2020,469.4017094,338.0586081,65.02154167,1985.04
11/21/2020,71.79487179,342.8937729,66.6143445,2020.7
11/22/2020,78.8034188,343.0525031,67.92333456,1972.27
11/23/2020,508.3760684,344.8473748,69.09600427,2003.28
11/24/2020,500.1709402,343.2234432,69.58338204,2115.46
11/25/2020,469.4017094,341.9047619,69.75899641,2087.41
11/26/2020,368.8888889,346.3492063,70.6229476,1828.23
11/27/2020,308.7179487,343.2600733,69.94095379,1783.14
11/28/2020,68.20512821,338.3638584,68.33335421,1899.55
11/29/2020,60.17094017,338.8400488,67.64098111,1963.86
11/30/2020,583.9316239,339.8534799,67.2950512,2093.68
12/1/2020,476.5811966,353.992674,67.64777567,2099.64
12/2/2020,495.5555556,350.5616606,66.35337833,2053.77
12/3/2020,491.965812,353.7851038,65.24227214,2128.28
12/4/2020,417.6068376,353.7118437,65.00047706,2053.25
12/5/2020,64.95726496,350.01221,65.44021195,2072.73
12/6/2020,62.56410256,349.5238095,64.34479784,2074.82
12/7/2020,537.2649573,348.3638584,63.61987416,2083.7
12/8/2020,515.042735,350.4273504,61.84191338,2034.06
12/9/2020,647.6923077,351.4896215,62.46448029,1986
12/10/2020,542.9059829,364.2246642,63.12482799,1960.49
12/11/2020,447.1794872,376.6544567,62.95034941,1955.44
12/12/2020,91.11111111,386.5445665,63.62209853,1983.5
12/13/2020,57.94871795,388.1807082,65.80910256,2073.75
12/14/2020,501.8803419,388.021978,66.7726658,2071.79
12/15/2020,456.7521368,382.1611722,67.48531615,2093.82
12/16/2020,465.6410256,380.7448107,68.56484832,2226.53
12/17/2020,487.6923077,378.6080586,70.25439718,2493.7
12/18/2020,405.1282051,378.3028083,72.82275954,2406.89
12/19/2020,80.85470085,377.4114774,73.59806286,2509.27
12/20/2020,81.88034188,378.5470085,73.08966221,2539.1
12/21/2020,307.8632479,379.9267399,72.06109014,2442.19
12/22/2020,260.6837607,363.5409035,71.88053213,2471.27
12/23/2020,213.5042735,345.3724054,71.33051544,2463.56
12/24/2020,134.1880342,314.3589744,68.53113199,2435.01
12/25/2020,57.43589744,285.1648352,64.16156444,2521.31
12/26/2020,28.03418803,257.3260073,63.07791909,2671.04
12/27/2020,53.5042735,252.8205128,64.37927936,2869.07
12/28/2020,192.6495726,252.5030525,65.60405032,2843.51
12/29/2020,189.0598291,230.4151404,65.55373697,2806.3
12/30/2020,189.5726496,211.2942613,65.33428484,2952.79
12/31/2020,110.5982906,191.5750916,66.55131738,3010.48
1/1/2021,52.99145299,164.6398046,66.91908279,3052.39
1/2/2021,50.76923077,139.4871795,68.9388236,3291.55
1/3/2021,50.42735043,137.3382173,70.79364695,3544.42
1/4/2021,447.3504274,135.0915751,70.72230832,3451.78
1/5/2021,497.6068376,145.0549451,70.72014082,3493.39
1/6/2021,458.2905983,161.978022,70.61697264,3774.73
1/7/2021,436.5811966,179.4627595,71.5963977,4213.47
1/8/2021,414.3589744,201.0622711,74.6354725,4355.11
1/9/2021,85.47008547,226.5567766,73.68306937,4340.48
1/10/2021,47.52136752,230.6593407,71.68418204,4318.9
1/11/2021,506.4957265,230.2319902,71.68926331,3392.96
1/12/2021,507.5213675,252.6495726,70.62070937,3640.87
1/13/2021,478.974359,275.3968254,69.02524917,3723.63
1/14/2021,551.4529915,296.0683761,68.45421199,4233.85
1/15/2021,467.8632479,327.5579976,67.12168313,3851.42
1/16/2021,83.24786325,357.1916972,66.17716786,4105.14
1/17/2021,68.03418803,359.5115995,63.81633116,3924.92
1/18/2021,543.2478632,360.7692308,61.8376813,3993.74
1/19/2021,551.4529915,367.6190476,62.54286697,4172.09
1/20/2021,574.017094,371.4652015,63.59537609,3807.37
1/21/2021,494.017094,379.7313797,62.15281417,3504.6
1/22/2021,426.1538462,383.8339438,62.12528583,3636.31
1/23/2021,86.66666667,384.6764347,60.78278885,3587.4
1/24/2021,45.12820513,384.7619048,60.08984408,3642.35
1/25/2021,483.5897436,384.5909646,60.32316514,3922.36
1/26/2021,540.6837607,382.954823,58.74952674,3595.24
1/27/2021,482.0512821,385.3235653,58.33525764,3468.75
1/28/2021,554.3589744,385.5433455,59.23613435,3649.43
1/29/2021,482.5641026,385.7509158,60.9879004,4132.03
1/30/2021,67.00854701,386.8009768,63.21219969,3863.05
1/31/2021,73.16239316,385.6410256,65.12099173,3706.27
2/1/2021,453.5042735,386.007326,66.18283054,3726
2/2/2021,502.2222222,379.5970696,67.52017133,3939.7
2/3/2021,540.1709402,376.0805861,67.66393682,4230.91
2/4/2021,552.6495726,373.6630037,68.59295531,4185.6
2/5/2021,449.7435897,377.8510379,67.18215049,4403.03
2/6/2021,80.51282051,379.5360195,66.77488039,4627.02
2/7/2021,48.71794872,379.0964591,66.84354575,4284.77
2/8/2021,421.025641,379.3528694,68.07494964,4919.38
2/9/2021,438.974359,374.8840049,69.25201941,5190.45
2/10/2021,493.8461538,367.6190476,70.1281532,4956.7
2/11/2021,548.8888889,368.4615385,69.06970941,5334.37
2/12/2021,427.5213675,368.0708181,69.5345628,5254.13
2/13/2021,68.37606838,364.1391941,68.69480243,5292.03
2/14/2021,55.72649573,364.2368742,68.22586613,5417.47
2/15/2021,470.4273504,362.991453,66.17632397,5378.57
2/16/2021,448.8888889,364.2002442,64.55676624,5436.95
2/17/2021,454.7008547,360.3907204,63.77430816,5654.59
2/18/2021,561.025641,354.2857143,64.35932913,5736.91
2/19/2021,431.965812,354.8840049,64.81504932,5962.21
2/20/2021,55.55555556,353.6141636,66.89216734,6185.3
2/21/2021,50.25641026,351.8315018,67.67408778,6282.48
2/22/2021,495.3846154,351.9413919,69.10056033,5772.54
2/23/2021,570.0854701,357.2527473,70.38904789,5254.16
2/24/2021,506.1538462,366.6178266,70.77262926,5417.88
2/25/2021,421.8803419,367.4969475,70.84357618,5494.49
2/26/2021,421.5384615,358.4249084,69.717536,5143.88
2/27/2021,104.957265,357.997558,67.51596845,5007.22
2/28/2021,76.58119658,360.6105006,65.92776317,4645.85
3/1/2021,520.1709402,362.1001221,64.56220744,5304.58
3/2/2021,618.2905983,365.6532357,63.00138073,5260.69
3/3/2021,576.9230769,377.7533578,62.11680874,5478.16
3/4/2021,527.3504274,386.4835165,60.49102073,5338.16
3/5/2021,632.8205128,384.0781441,59.62021079,5142.76
3/6/2021,116.7521368,398.4249084,58.67108367,5132.36
3/7/2021,49.23076923,402.7960928,58.43466025,5474.12
3/8/2021,435.8974359,402.7228327,57.59855729,5579.67
3/9/2021,820.3418803,398.4737485,58.08717265,5898.29
3/10/2021,482.5641026,416.3492063,57.71926267,6097.04
3/11/2021,489.5726496,414.6642247,58.22399073,6068.93
3/12/2021,411.4529915,419.4993895,58.80157842,6114.79
3/13/2021,83.58974359,418.7789988,59.83151228,6415.22
3/14/2021,125.8119658,417.2527473,60.96735469,6398.53
3/15/2021,545.8119658,420.7692308,62.51692232,6036.6
3/16/2021,583.2478632,422.6007326,62.18402987,6026.71
3/17/2021,505.1282051,420.0976801,62.0918226,5935.23
3/18/2021,492.991453,414.969475,62.31680586,6363.59
3/19/2021,438.8034188,412.5152625,61.77416031,6316.99
3/20/2021,102.0512821,398.6568987,60.71354391,6361.4
3/21/2021,45.12820513,397.6068376,59.25546499,6136.47
3/22/2021,583.5897436,397.3137973,58.31578066,6122.56
3/23/2021,627.1794872,407.8632479,58.54482288,5906.2
3/24/2021,629.0598291,394.0659341,58.29012013,6014.68
3/25/2021,660.3418803,404.5299145,59.26102089,5465.52
3/26/2021,537.4358974,416.7277167,59.71394864,5702.28
3/27/2021,152.6495726,425.7264957,59.60838436,5872.62
3/28/2021,122.9059829,430.6593407,58.85440313,5957.2
3/29/2021,730.5982906,430.4517705,59.5317805,6213.74
3/30/2021,602.7350427,443.6507937,59.16766253,6311.91
3/31/2021,762.7350427,445.042735,60.01559224,6280.57
4/1/2021,476.2393162,463.4432234,59.3532661,6380.13
4/2/2021,252.4786325,462.2466422,59.59667686,6490.44
4/3/2021,108.8888889,448.9377289,60.27711043,6485.89
4/4/2021,70.94017094,449.4261294,60.56837126,6390.13
4/5/2021,268.3760684,451.2698413,60.07372739,6501.72
4/6/2021,474.5299145,428.7545788,61.43191078,6389.01
4/7/2021,549.7435897,417.8510379,61.70541619,6229.04
4/8/2021,519.4871795,412.1855922,61.22252885,6346.89
4/9/2021,469.5726496,402.1245421,60.45135241,6417.09
4/10/2021,77.60683761,397.2771673,61.2754338,6652.86
4/11/2021,57.77777778,391.9169719,61.75193007,6576.26
4/12/2021,521.3675214,387.2649573,62.12729226,6598.05
4/13/2021,532.8205128,372.3199023,62.31901486,6950.95
4/14/2021,548.5470085,367.3260073,62.89786289,6996.38
4/15/2021,498.1196581,352.026862,63.32065206,7067.74
4/16/2021,439.4871795,353.5897436,64.10384392,6924.68
4/17/2021,137.4358974,366.9474969,62.63390159,6884.91
4/18/2021,72.99145299,368.986569,67.01861664,6223.27
4/19/2021,539.1452991,369.1330891,65.92961804,6250.29
4/20/2021,525.982906,388.4737485,65.94088558,6256.49
4/21/2021,627.3504274,392.1489621,64.87697544,6484.75
4/22/2021,493.5042735,397.6923077,64.8435392,6453.54
4/23/2021,456.5811966,395.8363858,65.85646683,5807.68
4/24/2021,71.96581197,394.9084249,66.6665658,5710.38
4/25/2021,61.70940171,394.5054945,62.91550769,5888.2
4/26/2021,524.6153846,394.7863248,63.62485479,6254.57
4/27/2021,596.5811966,395.018315,62.11495759,6471.57
4/28/2021,568.5470085,399.5726496,61.35714689,6465.33
4/29/2021,505.2991453,401.001221,60.33943772,6426.11
4/30/2021,450.9401709,401.5140415,58.19380742,6621.66
5/1/2021,96.75213675,402.3321123,56.5983866,6819.22
5/2/2021,85.2991453,399.4261294,55.69594409,6804.56
5/3/2021,545.982906,400.3052503,55.69145549,7025.91
5/4/2021,538.8034188,400.7936508,55.27404585,6892.48
5/5/2021,534.5299145,401.7094017,56.05488462,7111.76
5/6/2021,557.9487179,395.0793651,56.65778146,7236.4
5/7/2021,472.6495726,399.6825397,57.97570758,7234.36
5/8/2021,113.1623932,400.8302808,60.37257558,7477.71
5/9/2021,90.42735043,403.7728938,61.8546128,7406.16
5/10/2021,415.042735,405.8241758,62.74063014,7523
5/11/2021,340.3418803,397.997558,63.50684396,7363.6
5/12/2021,565.4700855,379.6947497,64.26427405,7585.04
5/13/2021,413.8461538,379.4749695,65.19026878,6792.38
5/14/2021,462.7350427,372.9426129,64.97162155,6984.3
5/15/2021,98.29059829,373.7851038,64.18076017,6736.81
5/16/2021,85.81196581,373.8949939,63.8900651,6509.71
5/17/2021,522.5641026,373.9316239,63.11525428,5985.39
5/18/2021,512.3076923,372.2588523,61.45749095,5844.35
5/19/2021,426.1538462,370.3663004,61.37163593,4895.54
5/20/2021,479.1452991,362.6251526,60.26228332,5408.42
5/21/2021,386.6666667,356.996337,59.41883414,4836.77
5/22/2021,114.017094,350.8547009,58.80525181,4752.45
5/23/2021,63.93162393,350.9157509,58.79214625,4168.84
5/24/2021,457.0940171,349.023199,58.19218491,4763.22
5/25/2021,519.8290598,352.026862,58.1424346,4861.91
5/26/2021,556.2393162,364.8473748,55.85093886,5101.03
5/27/2021,487.008547,364.1880342,54.44372659,5245.26
5/28/2021,461.025641,369.4139194,53.22274236,4756.02
5/29/2021,64.95726496,369.2918193,52.72120859,4472.33
5/30/2021,74.87179487,366.9108669,51.97272367,4529.63
5/31/2021,435.8974359,366.1294261,49.65212013,4752.06
6/1/2021,520.5128205,359.9389499,47.61835393,4780.67
6/2/2021,473.5042735,360.5250305,45.86281233,4990.64
6/3/2021,457.4358974,363.9072039,44.30966716,5074.16
6/4/2021,504.2735043,362.3565324,42.26688111,4813.49
6/5/2021,71.45299145,370.7570208,40.63238795,4686.98
6/6/2021,66.15384615,367.7167277,40.31840633,4790.99
6/7/2021,559.6581197,367.8754579,41.6539333,4824.85
6/8/2021,474.017094,375.2014652,43.13052822,4209.2
6/9/2021,462.5641026,371.9291819,44.01837729,4508.43
6/10/2021,458.1196581,365.2380952,44.12414549,4751.5
6/11/2021,612.991453,363.1746032,44.36330433,4730.94
6/12/2021,137.9487179,374.029304,43.91402616,4573.01
6/13/2021,104.7863248,379.2429792,41.72951024,4529.94
6/14/2021,517.2649573,381.3797314,40.67139371,5082.51
6/15/2021,492.3076923,387.1916972,40.02971968,5032.52
6/16/2021,514.017094,385.1770452,39.53991613,4856.89
6/17/2021,552.4786325,388.0708181,39.25995631,4852.63
6/18/2021,446.3247863,394.8595849,39.23792931,4563.9
6/19/2021,115.5555556,390.7203907,39.01871848,4530.6
6/20/2021,119.6581197,393.8705739,39.51243876,4278.1
6/21/2021,487.3504274,397.6923077,39.99595527,4084.05
6/22/2021,536.0683761,392.5274725,40.30750909,3776.14
6/23/2021,491.965812,396.959707,40.02076736,4179.71
6/24/2021,475.3846154,399.0598291,40.02719358,4160.61
6/25/2021,427.1794872,400.2930403,40.49136994,3962.26
6/26/2021,43.07692308,387.020757,42.17482328,3807.55
6/27/2021,46.83760684,380.2442002,42.85218795,4018.52
6/28/2021,556.2393162,376.1050061,42.08100092,4229.12
6/29/2021,487.3504274,378.8888889,41.06968337,4505.67
6/30/2021,580.3418803,378.5347985,40.80522681,4298.37
7/1/2021,529.2307692,383.2722833,40.48683294,4155.2
7/2/2021,384.4444444,381.6117216,39.7082818,4203.02
7/3/2021,70.94017094,377.1916972,38.18428707,4364.01
7/4/2021,55.8974359,374.004884,37.09565725,4486.18
7/5/2021,449.2307692,369.4505495,35.23225648,4273.42
7/6/2021,554.7008547,366.7277167,33.82080706,4358.54
7/7/2021,533.3333333,368.0586081,32.27928024,4430.81
7/8/2021,579.6581197,371.013431,31.72245689,4150.11
7/9/2021,404.1025641,378.4615385,30.64307744,4234.75
7/10/2021,77.26495726,376.8131868,30.3069597,4217.26
7/11/2021,65.64102564,379.2551893,29.61936419,4249.35
7/12/2021,469.5726496,380.5982906,29.98837094,4175.68
7/13/2021,537.4358974,374.4078144,29.55527609,4031.6
7/14/2021,446.8376068,377.985348,29.74459843,4077.69
7/15/2021,413.1623932,368.4493284,29.4959512,3926.06
7/16/2021,349.5726496,360.1587302,30.00684652,3926.19
7/17/2021,101.5384615,357.6678877,30.14140381,3890.8
7/18/2021,58.11965812,359.8534799,30.25090028,3875.35
7/19/2021,434.7008547,360.01221,29.88650609,3781.48
7/20/2021,474.017094,358.974359,30.35031607,3649.5
7/21/2021,402.9059829,353.2112332,30.676104,3931.55
7/22/2021,480.5128205,343.8949939,29.83673725,4008.07
7/23/2021,315.2136752,336.8131868,29.46494125,4064
7/24/2021,64.27350427,330.4639805,29.21210312,4245.48
7/25/2021,52.30769231,329.5360195,29.40802444,4239.54
7/26/2021,413.1623932,328.5836386,32.11353449,4732.74
7/27/2021,464.7863248,324.5543346,33.31143919,4700.08
7/28/2021,442.3931624,319.3650794,34.97544279,4817.83
7/29/2021,489.9145299,319.047619,36.73185391,4871.34
7/30/2021,436.0683761,324.5299145,37.92023324,4804.15
7/31/2021,89.23076923,330.7081807,38.42878709,5074.85
8/1/2021,112.8205128,329.8290598,40.5976904,5145.63
8/2/2021,502.2222222,333.7362637,39.21931227,5023.38
8/3/2021,517.2649573,338.5592186,39.30254092,4836.93
8/4/2021,417.2649573,341.6483516,38.93452406,4984.79
8/5/2021,468.2051282,342.6739927,38.72877863,5063.47
8/6/2021,402.2222222,341.7948718,39.50789281,5205.88
8/7/2021,187.6923077,348.009768,39.36707832,5618.11
8/8/2021,100.6837607,356.8253968,37.73826766,5619.45
8/9/2021,420.6837607,360.2808303,38.61385263,5817.84
8/10/2021,450.2564103,360.8180708,37.8939722,5807.76
8/11/2021,463.2478632,359.7802198,37.30260346,5986.42
8/12/2021,411.1111111,361.2698413,37.06119166,5646.86
8/13/2021,402.3931624,355.6410256,36.28351763,5962
8/14/2021,69.4017094,353.2356532,36.75428124,6041.37
8/15/2021,52.47863248,351.8192918,36.7398361,5884.78
8/16/2021,425.4700855,347.5091575,35.86995647,5935.31
8/17/2021,459.1452991,342.026862,35.53122745,5915.06
8/18/2021,409.9145299,337.8754579,35.23245313,5793.33
8/19/2021,457.2649573,337.3504274,35.30887216,5777.15
8/20/2021,379.8290598,336.5689866,36.42284604,6191.04
8/21/2021,68.88888889,334.969475,36.61613076,6219.59
8/22/2021,68.20512821,326.4835165,36.723669,6099.4
8/23/2021,415.3846154,324.1636142,38.26352794,6311.62
8/24/2021,454.7008547,323.7851038,40.28656496,6159.67
8/25/2021,377.0940171,324.1025641,42.32477072,6124.66
8/26/2021,0,317.9487179,43.71060554,5939.47
8/27/2021,17.77777778,288.5836386,44.4808986,6118.31
8/28/2021,107.1794872,261.1111111,45.98440465,6162.83
8/29/2021,87.86324786,263.8095238,48.14895227,6104.63
8/30/2021,452.3076923,266.3369963,48.38141036,6046.97
8/31/2021,517.2649573,268.2539683,49.89252606,6125.34
9/1/2021,524.2735043,272.4053724,50.79449858,6219.46
9/2/2021,406.8376068,280.5738706,53.0221389,6545.91
9/3/2021,400.1709402,276.971917,52.96655721,6769.2
9/4/2021,146.8376068,278.4249084,52.74527122,6668.22
9/5/2021,121.5384615,283.992674,51.63635041,6700.03
9/6/2021,420.1709402,287.8021978,50.51295539,6841.18
9/7/2021,532.991453,288.1440781,50.08701546,6207.1
9/8/2021,488.7179487,293.7362637,48.66379376,5950.4
9/9/2021,520,301.7094017,46.51249579,6160.8
9/10/2021,489.5726496,338.8522589,46.41237765,5819.57
9/11/2021,114.7008547,372.5518926,47.32390487,5979.53
9/12/2021,224.957265,373.0891331,49.97790111,6055.16
9/13/2021,603.4188034,382.8815629,51.716204,5732.72
9/14/2021,597.4358974,393.6752137,51.61475195,6051.42
9/15/2021,606.3247863,399.4017094,53.14303151,6217.24
9/16/2021,635.7264957,405.2625153,54.45451863,6245.29
9/17/2021,481.025641,421.6117216,54.53021207,6169.36
9/18/2021,101.3675214,427.3870574,53.22952442,6262.51
9/19/2021,208.3760684,424.1391941,50.66758297,6106.7
9/20/2021,508.2051282,430.3418803,51.46271856,5595.57
9/21/2021,510.9401709,436.6300366,51.44831615,5435.14
9/22/2021,533.6752137,435.0549451,51.72218771,5405.41
9/23/2021,460,438.2661783,51.78358625,5687.83
9/24/2021,448.2051282,433.980464,52.73071936,5417.87
9/25/2021,151.7948718,431.025641,53.8687426,5416.97
9/26/2021,263.4188034,433.6752137,56.48247134,5562.82
9/27/2021,471.6239316,436.4224664,56.3701429,5539.98
9/28/2021,467.8632479,427.008547,56.45650537,5287.46
9/29/2021,578.974359,417.7533578,55.71290044,5379.62
9/30/2021,434.3589744,415.7997558,56.29681345,5474.82
10/1/2021,459.1452991,401.4163614,57.49355653,5954.6
10/2/2021,118.8034188,399.8534799,57.78813307,6131.98
10/3/2021,78.97435897,401.0989011,56.98847526,6161.27
10/4/2021,526.6666667,391.8559219,56.40939614,6034.87
10/5/2021,435.042735,393.1746032,57.55613155,6293.52
10/6/2021,283.9316239,387.7533578,60.01947722,6764.36
10/7/2021,101.3675214,369.9145299,61.35748576,6703.04
10/8/2021,151.4529915,344.2979243,61.3039607,6808.86
10/9/2021,31.96581197,323.1013431,60.81348185,6844.61
10/10/2021,34.18803419,314.5421245,59.9035368,6809.01
10/11/2021,116.9230769,298.1684982,60.32650633,7005.12
10/12/2021,119.8290598,272.8327228,60.17187995,6830.36
10/13/2021,120.1709402,247.973138,57.91819649,6793.5
10/14/2021,118.2905983,215.2014652,56.91811742,7122.69
10/15/2021,117.2649573,192.6251526,57.89012916,7334.45
10/16/2021,36.75213675,168.2051282,59.37166684,7469.43
10/17/2021,53.33333333,162.3443223,59.36502816,7442.16
10/18/2021,78.29059829,160.5128205,59.96981693,7485.74
10/19/2021,99.14529915,128.4859585,60.06455697,7522.72
10/20/2021,96.75213675,104.4932845,61.71465705,8003.29
10/21/2021,106.8376068,91.12332112,62.38077823,7797.54
10/22/2021,14.01709402,91.51404151,60.41042454,7587.28
10/23/2021,4.957264957,81.6971917,59.00738512,7545.15
10/24/2021,3.760683761,79.76800977,59.79614194,7449.75
10/25/2021,1.196581197,77.59462759,59.69529079,7791.81
10/26/2021,0,69.32844933,60.27956404,7677.69
10/27/2021,0,60.76923077,60.16460617,7351.23
10/28/2021,0,52.18559219,60.16093957,7639.45
10/29/2021,54.7008547,43.73626374,62.42686353,7688.12
10/30/2021,176.9230769,39.26739927,63.60988578,7644.76
10/31/2021,147.5213675,49.27960928,63.49280211,7555.82
11/1/2021,456.5811966,56.00732601,63.58913982,7741.43
11/2/2021,405.1282051,83.02808303,64.12426654,8040.02
11/3/2021,457.0940171,104.8840049,64.29306745,7927.52
11/4/2021,550.7692308,130.6227106,63.65426207,7787.18
11/5/2021,434.3589744,162.3321123,61.7927974,7754.96
11/6/2021,115.2136752,192.3565324,61.1999119,7704.66
11/7/2021,133.8461538,200.2319902,60.92776205,7932.89
11/8/2021,491.7948718,209.5238095,62.50389289,8379.7
11/9/2021,550.5982906,244.5665446,61.96012021,8464.11
11/10/2021,542.3931624,283.8949939,61.51773194,8627.95
11/11/2021,411.2820513,322.6373626,60.97967858,8229.8
11/12/2021,381.025641,352.014652,61.83888526,7994.03
11/13/2021,119.3162393,375.3235653,61.60538943,8187.4
11/14/2021,94.87179487,371.2087912,62.13211973,8080.81
11/15/2021,548.5470085,367.4481074,60.96117553,8133.19
11/16/2021,510.7692308,374.017094,61.55707664,7611.14
11/17/2021,457.6068376,381.5628816,61.55364807,7453.23
11/18/2021,519.6581197,381.5995116,62.57995359,7246.15
11/19/2021,435.8974359,379.3772894,62.30784153,7341.65
11/20/2021,118.1196581,379.4871795,62.4200488,7311.12
11/21/2021,111.2820513,379.6947497,61.62401306,7526.23
11/22/2021,522.7350427,378.0830281,61.44872187,7352.62
11/23/2021,614.8717949,380.2930403,60.99787224,7258.05
11/24/2021,530.2564103,384.8840049,61.79950777,7220.76
11/25/2021,405.8119658,384.017094,62.74007792,7539.57
11/26/2021,334.5299145,383.6263736,63.88278186,6892.75
11/27/2021,84.61538462,380.3052503,64.25852993,6976.58
11/28/2021,106.8376068,377.8266178,64.13162499,6877.22
11/29/2021,511.7948718,378.6813187,64.7043572,7258.01
11/30/2021,550.5982906,376.0561661,66.01990798,7436.74
12/1/2021,506.6666667,378.9010989,65.83030025,7619.14
12/2/2021,549.0598291,382.4053724,65.16337753,7367.75
12/3/2021,474.3589744,384.5054945,64.50277415,7277.26
12/4/2021,142.2222222,387.2527473,66.98066856,6357.62
12/5/2021,111.2820513,388.974359,69.10290523,6298.72
12/6/2021,512.8205128,388.974359,69.36974656,6406.37
12/7/2021,507.8632479,388.2661783,67.75314933,6810.85
12/8/2021,518.1196581,380.6227106,66.84242382,6729.56
12/9/2021,514.8717949,379.7557998,65.32153329,6421.19
12/10/2021,531.2820513,387.5457875,64.50624514,6255.92
12/11/2021,248.8888889,401.5995116,60.8620135,6346.3
12/12/2021,161.7094017,413.3333333,59.12217301,6396.28
12/13/2021,520.1709402,417.2527473,57.67521906,6061.44
12/14/2021,615.7264957,417.8510379,57.02455593,6012.67
12/15/2021,575.3846154,422.5030525,56.48494229,5926.88
12/16/2021,661.7094017,427.4114774,56.45392755,6357.65
12/17/2021,443.5897436,435.4578755,56.15497624,6038.9
12/18/2021,169.4017094,433.2600733,56.6647581,6140.45
12/19/2021,125.2991453,435.2014652,56.66016135,6163.51
12/20/2021,435.3846154,436.2026862,55.64087599,5961.89
12/21/2021,453.5042735,430.6715507,56.26007005,6264.72
12/22/2021,429.4017094,426.7887668,55.85169344,6364.99
12/23/2021,375.042735,420.4517705,56.26437597,6337.46
12/24/2021,155.2136752,410.4639805,55.57548193,6604.85
12/25/2021,72.30769231,383.6019536,55.17004529,6569.64
12/26/2021,73.67521368,370.989011,55.41572882,6529.36
12/27/2021,181.1965812,364.7008547,56.79763553,6693.71
12/28/2021,192.1367521,340.4884005,56.56830744,6352.27
12/29/2021,209.5726496,310.2319902,57.38488382,6199.59
12/30/2021,235.7264957,284.1025641,58.16541691,6069.82
12/31/2021,151.4529915,253.6752137,58.28559168,6180.01
1/1/2022,61.36752137,232.8083028,57.75794433,6087.71
1/2/2022,72.13675214,225.0915751,57.18540884,6144.51
1/3/2022,457.7777778,221.2942613,56.04509972,6090.51
1/4/2022,509.0598291,222.8937729,55.0030768,6138.1
1/5/2022,497.6068376,226.8620269,55.79015799,6106.5
1/6/2022,461.025641,231.7338217,54.75297488,5546.82
1/7/2022,436.5811966,237.8754579,54.95491593,5269.26
1/8/2022,189.2307692,257.973138,55.77455601,5310.58
1/9/2022,185.8119658,266.3247863,55.73029857,5271.51
1/10/2022,444.7863248,274.3345543,55.52944718,5154.57
1/11/2022,524.957265,293.1623932,56.75782076,5298.44
1/12/2022,506.3247863,316.9352869,55.06411678,5594.02
1/13/2022,483.0769231,338.1318681,55.69037693,5538.79
1/14/2022,387.5213675,355.7997558,54.94941371,5513.42
1/15/2022,171.2820513,372.6617827,55.44457614,5588.28
1/16/2022,107.3504274,380.5128205,56.01823843,5590.85
1/17/2022,476.9230769,383.028083,56.15506578,5463.55
1/18/2022,505.2991453,384.3956044,54.72291473,5312.55
1/19/2022,941.7094017,384.1269841,54.68661688,5333.35
1/20/2022,570.9401709,415.8485958,53.7787414,5517.23
1/21/2022,891.6239316,423.6996337,56.83328008,4881.91
1/22/2022,159.1452991,456.2026862,58.52831742,4256.86
1/23/2022,153.5042735,454.0537241,58.68356931,4331.88
1/24/2022,435.7264957,451.7460317,60.31355741,4133.98
1/25/2022,468.5470085,451.0989011,61.12094013,4400.16
1/26/2022,512.6495726,447.0695971,61.83411674,4631.64
1/27/2022,507.8632479,447.5213675,61.97656747,4441.2
1/28/2022,499.4871795,449.2918193,60.2188849,4461.46
1/29/2022,137.7777778,457.2893773,58.84216147,4552.68
1/30/2022,134.7008547,454.8962149,59.43655925,4618.9
1/31/2022,477.0940171,456.8498168,58.70521367,4599.6
2/1/2022,493.1623932,456.8620269,58.69301182,4766.83
2/2/2022,582.0512821,455.995116,57.64440137,4613.06
2/3/2022,510.7692308,430.3052503,57.6290022,4548.24
2/4/2022,494.7008547,426.007326,57.75280363,4881.11
2/5/2022,175.5555556,397.6556777,58.74887184,5182.52
2/6/2022,146.3247863,398.8278388,57.88389432,5116.67
2/7/2022,502.2222222,398.3150183,58.84892855,5405.34
2/8/2022,530.5982906,403.0647131,59.16501298,5325.51
2/9/2022,567.1794872,407.4969475,60.13342394,5422.04
2/10/2022,368.7179487,411.3919414,61.43273877,5512.96
2/11/2022,503.9316239,401.4529915,61.16376549,5342.15
2/12/2022,138.8034188,401.7704518,58.71495627,5065.49
2/13/2022,134.3589744,401.8437118,58.30729917,5125.53
2/14/2022,456.2393162,401.8192918,56.91624386,5127.13
2/15/2022,448.034188,400.3296703,56.54299988,5371.98
2/16/2022,600.8547009,397.1062271,56.59465642,5284.03
2/17/2022,667.3504274,398.4493284,55.82802316,5106.62
2/18/2022,313.1623932,409.6336996,54.88919518,4831.5
2/19/2022,143.7606838,396.6666667,55.28098023,4815.47
2/20/2022,142.3931624,394.3956044,55.55893031,4626.68
2/21/2022,463.5897436,394.1147741,55.91125229,4700.35
2/22/2022,575.8974359,391.3553114,55.12405104,4546.13
2/23/2022,501.3675214,394.5909646,53.69778322,4651.39
2/24/2022,511.2820513,389.8901099,54.63469084,4302.2
2/25/2022,467.6923077,400.0732601,55.83833604,4738.37
2/26/2022,128.034188,397.4847375,55.58862774,4759.63
2/27/2022,101.8803419,396.7155067,55.54837078,4781.61
2/28/2022,478.6324786,394.3956044,56.7986398,4908.04
3/1/2022,558.6324786,395.995116,59.06851803,5188.54
3/2/2022,500,403.8949939,60.85190163,5240.2
3/3/2022,480.3418803,396.6910867,60.10102804,5037.2
3/4/2022,419.8290598,383.3333333,59.56435301,4800.53
3/5/2022,106.3247863,390.952381,60.22365817,4666.09
3/6/2022,112.6495726,388.2783883,59.55528268,4624.55
3/7/2022,397.2649573,386.1538462,57.6114588,4634.14
3/8/2022,397.6068376,381.4163614,54.80745365,4564.45
3/9/2022,513.6752137,368.6813187,55.72051224,4979.05
3/10/2022,530.5982906,369.5604396,54.67021806,4621.56
3/11/2022,478.2905983,370.9401709,53.69354175,4610.18
3/12/2022,148.034188,371.6971917,53.119796,4615.71
3/13/2022,82.73504274,373.1257631,52.86856799,4598.82
3/14/2022,440.1709402,371.7582418,52.57669084,4589.8
3/15/2022,509.4017094,369.010989,53.97680954,4599.83
3/16/2022,526.1538462,365.4945055,53.60771373,4795.17
3/17/2022,440.6837607,367.3626374,54.10772755,4872.32
3/18/2022,431.2820513,364.5299145,56.17215903,4926.22
3/19/2022,98.29059829,365.3479853,56.50032302,5066.1
3/20/2022,118.4615385,364.7741148,57.21311242,4946.9
3/21/2022,475.8974359,365.1892552,58.02402101,4992.58
3/22/2022,499.1452991,370.8058608,58.64854715,5143.98
3/23/2022,561.8803419,378.0586081,57.42762283,5186.01
3/24/2022,509.4017094,381.5018315,58.51240481,5353.68
3/25/2022,432.1367521,379.98779,58.65663924,5365.54
3/26/2022,105.6410256,376.6910867,58.60331834,5361.87
3/27/2022,86.83760684,373.6630037,59.19460218,5408.56
3/28/2022,401.1965812,373.956044,60.47700236,5800.62
3/29/2022,424.2735043,371.1721612,60.87018667,5840.09
3/30/2022,398.974359,365.0915751,61.17321379,5750.05
3/31/2022,376.2393162,356.007326,61.58364176,5732.93
4/1/2022,437.9487179,351.4041514,61.74532026,5710.86
4/2/2022,141.7094017,351.8803419,62.07646823,5799.65
4/3/2022,97.94871795,354.981685,61.74706098,5805.84
4/4/2022,490.4273504,353.5164835,59.99184576,5712.06
4/5/2022,521.8803419,354.5543346,58.8323608,5697.81
4/6/2022,515.7264957,356.1782662,59.19830417,5439.44
4/7/2022,520,352.8815629,57.80096434,5328.63
4/8/2022,480.3418803,353.6385836,57.27552969,5411.9
4/9/2022,124.957265,357.0818071,56.544206,5261.38
4/10/2022,111.2820513,358.4615385,56.50872104,5293.1
4/11/2022,473.1623932,360.2075702,58.49681721,4996.93
4/12/2022,493.8461538,365.3479853,58.82958856,4945.41
4/13/2022,497.0940171,370.3174603,59.42265841,5021.2
4/14/2022,482.5641026,377.3260073,60.11225305,4987.8
4/15/2022,305.8119658,384.9206349,59.78580742,4985.97
4/16/2022,142.3931624,375.4822955,60.5824112,5001.04
4/17/2022,69.91452991,375.5311355,59.95509805,4999.92
4/18/2022,295.5555556,373.5286935,58.75002732,4834.09
4/19/2022,498.4615385,359.6092796,60.05405775,5119.07
4/20/2022,456.4102564,357.9365079,60.45104629,5112.55
4/21/2022,464.7863248,353.6996337,60.84070746,5213.31
4/22/2022,479.3162393,349.7557998,61.12107928,4898.17
4/23/2022,135.3846154,349.6825397,62.42556843,4886.46
4/24/2022,99.48717949,350.4273504,64.52821319,4875.46
4/25/2022,522.9059829,349.5848596,65.75793714,4768.89
4/26/2022,505.1282051,353.1379731,65.37415376,4792.07
4/27/2022,495.8974359,353.9438339,65.33026527,4715.39
4/28/2022,509.0598291,353.8583639,65.32364312,4779.14
4/29/2022,764.2735043,355.7509158,66.13725556,4734.6
4/30/2022,116.0683761,388.4981685,67.02230153,4626.49
5/1/2022,100,386.6178266,67.75719973,4580.14
5/2/2022,519.1452991,388.7667888,67.36192124,4678.85
5/3/2022,563.2478632,404.7374847,67.69955733,4635.67
5/4/2022,515.7264957,409.3650794,66.89318966,4686.44
5/5/2022,513.6752137,413.6019536,67.2007819,4642.53
5/6/2022,439.4871795,417.0940171,66.99164088,4401.96
5/7/2022,144.1025641,414.2490842,65.99673493,4384.06
5/8/2022,116.4102564,414.8717949,65.26850681,4173.66
5/9/2022,406.4957265,416.0805861,66.28411199,3919.88
5/10/2022,487.1794872,407.7655678,66.82824689,3796.33
5/11/2022,486.4957265,406.4835165,68.33597212,3804.47
5/12/2022,499.1452991,405.8119658,70.42071265,3420.87
5/13/2022,533.6752137,405.1037851,72.02250609,3611.51
5/14/2022,134.7008547,388.6324786,73.15300867,3363.19
5/15/2022,103.9316239,389.96337,72.47966532,3515.74
5/16/2022,561.3675214,390.2442002,71.45671353,3441.07
5/17/2022,657.9487179,393.2600733,69.60137825,3521.38
5/18/2022,600.1709402,400.02442,67.3557063,3402.81
5/19/2022,597.7777778,406.0561661,63.40113926,3453.01
5/20/2022,623.2478632,412.0634921,60.13233452,3419.86
5/21/2022,152.8205128,425.1892552,56.06883406,3415.33
5/22/2022,98.97435897,425.8119658,54.11616343,3484.98
5/23/2022,582.7350427,424.5665446,51.77179176,3531.85
5/24/2022,460.6837607,437.1550672,50.4744501,3359.65
5/25/2022,775.042735,435.2625153,49.86433428,3437.9
5/26/2022,457.9487179,455.8730159,49.93151803,3328.18
5/27/2022,691.4529915,452.9304029,50.73354223,3242.54
5/28/2022,77.77777778,464.2002442,51.13836511,3260.76
5/29/2022,87.00854701,460.1343101,51.07409122,3307.87
5/30/2022,428.3760684,458.9255189,50.15532753,3454.57
5/31/2022,442.7350427,449.4261294,51.42215648,3593.87
6/1/2022,429.7435897,434.0537241,52.5990637,3520.51
6/2/2022,456.0683761,421.8803419,51.94363481,3372.94
6/3/2022,466.4957265,411.7582418,50.42924662,3301.23
6/4/2022,134.017094,400.5616606,49.96790439,3331.89
6/5/2022,119.3162393,399.2185592,49.41681297,3347.16
6/6/2022,475.7264957,400.6715507,49.4972435,3538.61
6/7/2022,472.6495726,393.028083,48.20330468,3356.58
6/8/2022,426.6666667,393.8827839,45.91200391,3407.92
6/9/2022,428.8888889,368.998779,44.75031902,3382.58
6/10/2022,437.7777778,366.9230769,45.4226414,3300.4
6/11/2022,177.2649573,348.8034188,46.07511526,3088.42
6/12/2022,136.4102564,355.9096459,48.09248369,3027.52
6/13/2022,508.034188,359.4383394,52.91728687,2463.64
6/14/2022,618.1196581,365.1282051,54.90261879,2472.07
6/15/2022,486.4957265,377.6556777,58.0685011,2310.81
6/16/2022,468.3760684,381.7094017,60.64608143,2291.55
6/17/2022,543.5897436,382.5885226,61.51798726,2254.37
6/18/2022,158.6324786,388.0952381,63.62423563,2092.68
6/19/2022,114.1880342,389.8534799,64.06776017,2152.01
6/20/2022,473.5042735,389.4871795,60.79013275,2325.82
6/21/2022,496.4102564,389.3284493,59.48577064,2410.76
6/22/2022,492.991453,391.025641,56.93549303,2293.25
6/23/2022,412.6495726,395.7631258,55.79231427,2293.31
6/24/2022,340.3418803,394.6031746,54.62013591,2389.39
6/25/2022,100.6837607,387.6434676,52.90603363,2385.69
6/26/2022,74.01709402,382.1733822,51.61423859,2432.58
6/27/2022,400.1709402,377.7167277,51.15760613,2357.97
6/28/2022,474.7008547,370.01221,50.43993219,2363.02
6/29/2022,399.6581197,359.7680098,50.78486353,2251.78
6/30/2022,428.034188,353.5653236,51.86351376,2119.33
7/1/2022,302.2222222,350.6837607,53.2634876,2157.2
7/2/2022,78.63247863,333.4432234,54.50930496,2150.01
7/3/2022,72.64957265,327.7289377,55.38800204,2129.77
7/4/2022,324.2735043,324.7619048,55.9309992,2196.53
7/5/2022,447.008547,314.1025641,56.07961404,2183.6
7/6/2022,445.6410256,310.5738706,57.49263229,2269.08
7/7/2022,405.8119658,307.1916972,57.6338609,2373.28
7/8/2022,415.3846154,306.7032967,56.39262083,2436.77
7/9/2022,105.2991453,312.0634921,55.74117125,2422.55
7/10/2022,65.98290598,312.3931624,55.27149435,2330.54
7/11/2022,453.3333333,311.8192918,54.53262307,2281.81
7/12/2022,455.8974359,315.6166056,54.6559857,2209.62
7/13/2022,569.7435897,314.2735043,53.56006118,2174.31
7/14/2022,471.1111111,326.4224664,53.06022725,2218.04
7/15/2022,398.4615385,329.4993895,53.47594848,2371.75
7/16/2022,146.1538462,336.3736264,54.09015975,2373.18
7/17/2022,68.88888889,341.1965812,54.14193378,2462.09
7/18/2022,416.4102564,340.9279609,55.32226922,2623.54
7/19/2022,469.2307692,347.5091575,56.42038061,2696.86
7/20/2022,445.982906,349.0964591,56.09909425,2847.48
7/21/2022,508.2051282,349.1208791,57.28258197,2652.6
7/22/2022,433.8461538,356.4346764,57.05891965,2798.29
7/23/2022,104.7863248,357.7533578,55.99612932,2625.7
7/24/2022,78.8034188,357.7167277,56.06971628,2728.26
7/25/2022,560.5128205,358.6324786,55.50259423,2606.17
7/26/2022,597.6068376,366.2881563,54.86199968,2454.82
7/27/2022,585.4700855,376.4102564,55.89504481,2549.49
7/28/2022,569.5726496,377.5335775,54.43624506,2773.16
7/29/2022,488.8888889,384.5665446,55.36744007,2891.35
7/30/2022,133.3333333,391.025641,56.04117169,2915.93
7/31/2022,58.11965812,390.1098901,56.08159747,2859.21
8/1/2022,603.4188034,389.3406593,56.18517177,2824.03
8/2/2022,566.4957265,402.6984127,56.0810639,2754.22
8/3/2022,556.0683761,409.6459096,56.38456272,2790.82
8/4/2022,546.1538462,417.5091575,56.95171764,2738.3
8/5/2022,471.1111111,420.2197802,56.85431239,2804.4
8/6/2022,56.23931624,422.8815629,56.60733867,2824.09
8/7/2022,68.03418803,419.4139194,56.25278294,2813.42
8/8/2022,575.7264957,418.6446886,55.87480742,2946.45
8/9/2022,587.3504274,419.7313797,54.80449283,2798.7
8/10/2022,622.9059829,418.998779,54.70421171,2959.82
8/11/2022,609.2307692,421.6727717,54.4541927,3031.01
8/12/2022,573.6752137,424.5054945,53.21170258,2960.69
8/13/2022,115.5555556,430.5616606,53.55627473,3071.14
8/14/2022,105.4700855,429.2918193,52.2413056,3073.36
8/15/2022,583.2478632,432.6739927,51.47712848,2994.85
8/16/2022,602.0512821,431.2332112,51.80115192,2946.03
8/17/2022,655.042735,433.7728938,50.95920492,2882.58
8/18/2022,554.1880342,440.8424908,50.18918204,2908.03
8/19/2022,606.3247863,441.4163614,50.99659946,2639.34
8/20/2022,122.5641026,451.0744811,49.83165933,2604.89
8/21/2022,86.83760684,455.8119658,50.93004848,2608.97
8/22/2022,661.3675214,457.1550672,50.51420053,2559.18
8/23/2022,622.5641026,463.2722833,49.61908023,2623.67
8/24/2022,975.2136752,465.7875458,48.30174963,2631.82
8/25/2022,663.9316239,490.952381,47.05279372,2677.23
8/26/2022,513.3333333,494.8595849,45.87813016,2600.1
8/27/2022,107.3504274,490.5494505,45.83028052,2434.9
8/28/2022,102.2222222,489.96337,45.66969619,2416.54
8/29/2022,556.2393162,489.7313797,46.44568577,2452.99
8/30/2022,792.991453,487.8021978,47.01842937,2428.92
8/31/2022,793.6752137,501.4407814,47.62513008,2477.58
9/1/2022,660.6837607,511.3431013,49.18751967,2419.65
9/2/2022,517.2649573,518.9499389,51.14571001,2540.36
9/3/2022,115.7264957,512.5885226,50.77562235,2454.63
9/4/2022,93.5042735,512.1001221,51.13499101,2454.6
9/5/2022,491.4529915,512.5763126,50.49705519,2480.91
9/6/2022,564.957265,500.4395604,51.15342566,2519.16
9/7/2022,548.8888889,496.3247863,51.52916219,2376.95
9/8/2022,548.8888889,465.8730159,52.00355174,2465.67
9/9/2022,474.1880342,457.6556777,51.04810743,2654.09
9/10/2022,111.7948718,454.8595849,51.79573641,2661.58
9/11/2022,65.64102564,455.1770452,50.98556771,2702.92
9/12/2022,579.6581197,452.5641026,51.8147458,2756.43
9/13/2022,640.1709402,454.2368742,51.98532377,2569.8
9/14/2022,627.3504274,443.3211233,53.4232685,2521.31
9/15/2022,631.1111111,431.4407814,54.61887675,2417.98
9/16/2022,536.4102564,429.3284493,56.18832985,2391.52
9/17/2022,119.3162393,430.6959707,56.48625005,2417.23
9/18/2022,81.1965812,430.952381,57.03268673,2392.52
9/19/2022,548.034188,430.0732601,57.1576656,2313.45
9/20/2022,725.6410256,434.1147741,56.57685255,2296.12
9/21/2022,868.3760684,445.5921856,54.58980243,2300.91
9/22/2022,581.8803419,468.4126984,51.91857638,2236.2
9/23/2022,555.2136752,470.7692308,49.55001637,2228.87
9/24/2022,135.7264957,476.5567766,48.5252578,2296.24
9/25/2022,80.68376068,478.2661783,48.40740421,2261.58
9/26/2022,627.5213675,479.3406593,47.50917601,2290.94
9/27/2022,620.6837607,482.7594628,47.64714957,2405.35
9/28/2022,591.6239316,481.3675214,46.86250282,2302.84
9/29/2022,577.4358974,478.8156288,47.34561368,2285.32
9/30/2022,548.5470085,474.981685,48.18073338,2370.8
10/1/2022,98.97435897,475.8485958,47.94303938,2296.77
10/2/2022,127.8632479,474.3956044,47.5375287,2261.39
10/3/2022,510.2564103,477.7289377,47.44456835,2301.84
10/4/2022,737.9487179,475.030525,46.94838129,2376.18
10/5/2022,637.7777778,475.9096459,47.41735545,0
12/25/2021,72.30769231,459.4383394,55.17004529,6569.64
12/26/2021,73.67521368,423.040293,55.41572882,6529.36
12/27/2021,181.1965812,388.6446886,56.79763553,6693.71
12/28/2021,192.1367521,391.8925519,56.56830744,6352.27
12/29/2021,209.5726496,399.8534799,57.38488382,6199.59
12/30/2021,235.7264957,370,58.16541691,6069.82
12/31/2021,151.4529915,342.5030525,58.28559168,6180.01
1/1/2022,61.36752137,311.0622711,57.75794433,6087.71
1/2/2022,72.13675214,274.2002442,57.18540884,6144.51
1/3/2022,457.7777778,240.1709402,56.04509972,6090.51
1/4/2022,509.0598291,265.7997558,55.0030768,6138.1
1/5/2022,497.6068376,293.028083,55.79015799,6106.5
1/6/2022,461.025641,292.1245421,54.75297488,5546.82
1/7/2022,436.5811966,272.3443223,54.95491593,5269.26
1/8/2022,189.2307692,257.973138,55.77455601,5310.58
1/9/2022,185.8119658,266.3247863,55.73029857,5271.51
1/10/2022,444.7863248,274.3345543,55.52944718,5154.57
1/11/2022,524.957265,293.1623932,56.75782076,5298.44
1/12/2022,506.3247863,316.9352869,55.06411678,5594.02
1/13/2022,483.0769231,338.1318681,55.69037693,5538.79
1/14/2022,387.5213675,355.7997558,54.94941371,5513.42
1/15/2022,171.2820513,372.6617827,55.44457614,5588.28
1/16/2022,107.3504274,380.5128205,56.01823843,5590.85
1/17/2022,476.9230769,383.028083,56.15506578,5463.55
1/18/2022,505.2991453,384.3956044,54.72291473,5312.55
1/19/2022,941.7094017,384.1269841,54.68661688,5333.35
1/20/2022,570.9401709,415.8485958,53.7787414,5517.23
1/21/2022,891.6239316,423.6996337,56.83328008,4881.91
1/22/2022,159.1452991,456.2026862,58.52831742,4256.86
1/23/2022,153.5042735,454.0537241,58.68356931,4331.88
1/24/2022,435.7264957,451.7460317,60.31355741,4133.98
1/25/2022,468.5470085,451.0989011,61.12094013,4400.16
1/26/2022,512.6495726,447.0695971,61.83411674,4631.64
1/27/2022,507.8632479,447.5213675,61.97656747,4441.2
1/28/2022,499.4871795,449.2918193,60.2188849,4461.46
1/29/2022,137.7777778,457.2893773,58.84216147,4552.68
1/30/2022,134.7008547,454.8962149,59.43655925,4618.9
1/31/2022,477.0940171,456.8498168,58.70521367,4599.6
2/1/2022,493.1623932,456.8620269,58.69301182,4766.83
2/2/2022,582.0512821,455.995116,57.64440137,4613.06
2/3/2022,510.7692308,430.3052503,57.6290022,4548.24
2/4/2022,494.7008547,426.007326,57.75280363,4881.11
2/5/2022,175.5555556,397.6556777,58.74887184,5182.52
2/6/2022,146.3247863,398.8278388,57.88389432,5116.67
2/7/2022,502.2222222,398.3150183,58.84892855,5405.34
2/8/2022,530.5982906,403.0647131,59.16501298,5325.51
2/9/2022,567.1794872,407.4969475,60.13342394,5422.04
2/10/2022,368.7179487,411.3919414,61.43273877,5512.96
2/11/2022,503.9316239,401.4529915,61.16376549,5342.15
2/12/2022,138.8034188,401.7704518,58.71495627,5065.49
2/13/2022,134.3589744,401.8437118,58.30729917,5125.53
2/14/2022,456.2393162,401.8192918,56.91624386,5127.13
2/15/2022,448.034188,400.3296703,56.54299988,5371.98
2/16/2022,600.8547009,397.1062271,56.59465642,5284.03
2/17/2022,667.3504274,398.4493284,55.82802316,5106.62
2/18/2022,313.1623932,409.6336996,54.88919518,4831.5
2/19/2022,143.7606838,396.6666667,55.28098023,4815.47
2/20/2022,142.3931624,394.3956044,55.55893031,4626.68
2/21/2022,463.5897436,394.1147741,55.91125229,4700.35
2/22/2022,575.8974359,391.3553114,55.12405104,4546.13
2/23/2022,501.3675214,394.5909646,53.69778322,4651.39
2/24/2022,511.2820513,389.8901099,54.63469084,4302.2
2/25/2022,467.6923077,400.0732601,55.83833604,4738.37
2/26/2022,128.034188,397.4847375,55.58862774,4759.63
2/27/2022,101.8803419,396.7155067,55.54837078,4781.61
2/28/2022,478.6324786,394.3956044,56.7986398,4908.04
3/1/2022,558.6324786,395.995116,59.06851803,5188.54
3/2/2022,500,403.8949939,60.85190163,5240.2
3/3/2022,480.3418803,396.6910867,60.10102804,5037.2
3/4/2022,419.8290598,383.3333333,59.56435301,4800.53
3/5/2022,106.3247863,390.952381,60.22365817,4666.09
3/6/2022,112.6495726,388.2783883,59.55528268,4624.55
3/7/2022,397.2649573,386.1538462,57.6114588,4634.14
3/8/2022,397.6068376,381.4163614,54.80745365,4564.45
3/9/2022,513.6752137,368.6813187,55.72051224,4979.05
3/10/2022,530.5982906,369.5604396,54.67021806,4621.56
3/11/2022,478.2905983,370.9401709,53.69354175,4610.18
3/12/2022,148.034188,371.6971917,53.119796,4615.71
3/13/2022,82.73504274,373.1257631,52.86856799,4598.82
3/14/2022,440.1709402,371.7582418,52.57669084,4589.8
3/15/2022,509.4017094,369.010989,53.97680954,4599.83
3/16/2022,526.1538462,365.4945055,53.60771373,4795.17
3/17/2022,440.6837607,367.3626374,54.10772755,4872.32
3/18/2022,431.2820513,364.5299145,56.17215903,4926.22
3/19/2022,98.29059829,365.3479853,56.50032302,5066.1
3/20/2022,118.4615385,364.7741148,57.21311242,4946.9
3/21/2022,475.8974359,365.1892552,58.02402101,4992.58
3/22/2022,499.1452991,370.8058608,58.64854715,5143.98
3/23/2022,561.8803419,378.0586081,57.42762283,5186.01
3/24/2022,509.4017094,381.5018315,58.51240481,5353.68
3/25/2022,432.1367521,379.98779,58.65663924,5365.54
3/26/2022,105.6410256,376.6910867,58.60331834,5361.87
3/27/2022,86.83760684,373.6630037,59.19460218,5408.56
3/28/2022,401.1965812,373.956044,60.47700236,5800.62
3/29/2022,424.2735043,371.1721612,60.87018667,5840.09
3/30/2022,398.974359,365.0915751,61.17321379,5750.05
3/31/2022,376.2393162,356.007326,61.58364176,5732.93
4/1/2022,437.9487179,351.4041514,61.74532026,5710.86
4/2/2022,141.7094017,351.8803419,62.07646823,5799.65
4/3/2022,97.94871795,354.981685,61.74706098,5805.84
4/4/2022,490.4273504,353.5164835,59.99184576,5712.06
4/5/2022,521.8803419,354.5543346,58.8323608,5697.81
4/6/2022,515.7264957,356.1782662,59.19830417,5439.44
4/7/2022,520,352.8815629,57.80096434,5328.63
4/8/2022,480.3418803,353.6385836,57.27552969,5411.9
4/9/2022,124.957265,357.0818071,56.544206,5261.38
4/10/2022,111.2820513,358.4615385,56.50872104,5293.1
4/11/2022,473.1623932,360.2075702,58.49681721,4996.93
4/12/2022,493.8461538,365.3479853,58.82958856,4945.41
4/13/2022,497.0940171,370.3174603,59.42265841,5021.2
4/14/2022,482.5641026,377.3260073,60.11225305,4987.8
4/15/2022,305.8119658,384.9206349,59.78580742,4985.97
4/16/2022,142.3931624,375.4822955,60.5824112,5001.04
4/17/2022,69.91452991,375.5311355,59.95509805,4999.92
4/18/2022,295.5555556,373.5286935,58.75002732,4834.09
4/19/2022,498.4615385,359.6092796,60.05405775,5119.07
4/20/2022,456.4102564,357.9365079,60.45104629,5112.55
4/21/2022,464.7863248,353.6996337,60.84070746,5213.31
4/22/2022,479.3162393,349.7557998,61.12107928,4898.17
4/23/2022,135.3846154,349.6825397,62.42556843,4886.46
4/24/2022,99.48717949,350.4273504,64.52821319,4875.46
4/25/2022,522.9059829,349.5848596,65.75793714,4768.89
4/26/2022,505.1282051,353.1379731,65.37415376,4792.07
4/27/2022,495.8974359,353.9438339,65.33026527,4715.39
4/28/2022,509.0598291,353.8583639,65.32364312,4779.14
4/29/2022,764.2735043,355.7509158,66.13725556,4734.6
4/30/2022,116.0683761,388.4981685,67.02230153,4626.49
5/1/2022,100,386.6178266,67.75719973,4580.14
5/2/2022,519.1452991,388.7667888,67.36192124,4678.85
5/3/2022,563.2478632,404.7374847,67.69955733,4635.67
5/4/2022,515.7264957,409.3650794,66.89318966,4686.44
5/5/2022,513.6752137,413.6019536,67.2007819,4642.53
5/6/2022,439.4871795,417.0940171,66.99164088,4401.96
5/7/2022,144.1025641,414.2490842,65.99673493,4384.06
5/8/2022,116.4102564,414.8717949,65.26850681,4173.66
5/9/2022,406.4957265,416.0805861,66.28411199,3919.88
5/10/2022,487.1794872,407.7655678,66.82824689,3796.33
5/11/2022,486.4957265,406.4835165,68.33597212,3804.47
5/12/2022,499.1452991,405.8119658,70.42071265,3420.87
5/13/2022,533.6752137,405.1037851,72.02250609,3611.51
5/14/2022,134.7008547,388.6324786,73.15300867,3363.19
5/15/2022,103.9316239,389.96337,72.47966532,3515.74
5/16/2022,561.3675214,390.2442002,71.45671353,3441.07
5/17/2022,657.9487179,393.2600733,69.60137825,3521.38
5/18/2022,600.1709402,400.02442,67.3557063,3402.81
5/19/2022,597.7777778,406.0561661,63.40113926,3453.01
5/20/2022,623.2478632,412.0634921,60.13233452,3419.86
5/21/2022,152.8205128,425.1892552,56.06883406,3415.33
5/22/2022,98.97435897,425.8119658,54.11616343,3484.98
5/23/2022,582.7350427,424.5665446,51.77179176,3531.85
5/24/2022,460.6837607,437.1550672,50.4744501,3359.65
5/25/2022,775.042735,435.2625153,49.86433428,3437.9
5/26/2022,457.9487179,455.8730159,49.93151803,3328.18
5/27/2022,691.4529915,452.9304029,50.73354223,3242.54
5/28/2022,77.77777778,464.2002442,51.13836511,3260.76
5/29/2022,87.00854701,460.1343101,51.07409122,3307.87
5/30/2022,428.3760684,458.9255189,50.15532753,3454.57
5/31/2022,442.7350427,449.4261294,51.42215648,3593.87
6/1/2022,429.7435897,434.0537241,52.5990637,3520.51
6/2/2022,456.0683761,421.8803419,51.94363481,3372.94
6/3/2022,466.4957265,411.7582418,50.42924662,3301.23
6/4/2022,134.017094,400.5616606,49.96790439,3331.89
6/5/2022,119.3162393,399.2185592,49.41681297,3347.16
6/6/2022,475.7264957,400.6715507,49.4972435,3538.61
6/7/2022,472.6495726,393.028083,48.20330468,3356.58
6/8/2022,426.6666667,393.8827839,45.91200391,3407.92
6/9/2022,428.8888889,368.998779,44.75031902,3382.58
6/10/2022,437.7777778,366.9230769,45.4226414,3300.4
6/11/2022,177.2649573,348.8034188,46.07511526,3088.42
6/12/2022,136.4102564,355.9096459,48.09248369,3027.52
6/13/2022,508.034188,359.4383394,52.91728687,2463.64
6/14/2022,618.1196581,365.1282051,54.90261879,2472.07
6/15/2022,486.4957265,377.6556777,58.0685011,2310.81
6/16/2022,468.3760684,381.7094017,60.64608143,2291.55
6/17/2022,543.5897436,382.5885226,61.51798726,2254.37
6/18/2022,158.6324786,388.0952381,63.62423563,2092.68
6/19/2022,114.1880342,389.8534799,64.06776017,2152.01
6/20/2022,473.5042735,389.4871795,60.79013275,2325.82
6/21/2022,496.4102564,389.3284493,59.48577064,2410.76
6/22/2022,492.991453,391.025641,56.93549303,2293.25
6/23/2022,412.6495726,395.7631258,55.79231427,2293.31
6/24/2022,340.3418803,394.6031746,54.62013591,2389.39
6/25/2022,100.6837607,387.6434676,52.90603363,2385.69
6/26/2022,74.01709402,382.1733822,51.61423859,2432.58
6/27/2022,400.1709402,377.7167277,51.15760613,2357.97
6/28/2022,474.7008547,370.01221,50.43993219,2363.02
6/29/2022,399.6581197,359.7680098,50.78486353,2251.78
6/30/2022,428.034188,353.5653236,51.86351376,2119.33
7/1/2022,302.2222222,350.6837607,53.2634876,2157.2
7/2/2022,78.63247863,333.4432234,54.50930496,2150.01
7/3/2022,72.64957265,327.7289377,55.38800204,2129.77
7/4/2022,324.2735043,324.7619048,55.9309992,2196.53
7/5/2022,447.008547,314.1025641,56.07961404,2183.6
7/6/2022,445.6410256,310.5738706,57.49263229,2269.08
7/7/2022,405.8119658,307.1916972,57.6338609,2373.28
7/8/2022,415.3846154,306.7032967,56.39262083,2436.77
7/9/2022,105.2991453,312.0634921,55.74117125,2422.55
7/10/2022,65.98290598,312.3931624,55.27149435,2330.54
7/11/2022,453.3333333,311.8192918,54.53262307,2281.81
7/12/2022,455.8974359,315.6166056,54.6559857,2209.62
7/13/2022,569.7435897,314.2735043,53.56006118,2174.31
7/14/2022,471.1111111,326.4224664,53.06022725,2218.04
7/15/2022,398.4615385,329.4993895,53.47594848,2371.75
7/16/2022,146.1538462,336.3736264,54.09015975,2373.18
7/17/2022,68.88888889,341.1965812,54.14193378,2462.09
7/18/2022,416.4102564,340.9279609,55.32226922,2623.54
7/19/2022,469.2307692,347.5091575,56.42038061,2696.86
7/20/2022,445.982906,349.0964591,56.09909425,2847.48
7/21/2022,508.2051282,349.1208791,57.28258197,2652.6
7/22/2022,433.8461538,356.4346764,57.05891965,2798.29
7/23/2022,104.7863248,357.7533578,55.99612932,2625.7
7/24/2022,78.8034188,357.7167277,56.06971628,2728.26
7/25/2022,560.5128205,358.6324786,55.50259423,2606.17
7/26/2022,597.6068376,366.2881563,54.86199968,2454.82
7/27/2022,585.4700855,376.4102564,55.89504481,2549.49
7/28/2022,569.5726496,377.5335775,54.43624506,2773.16
7/29/2022,488.8888889,384.5665446,55.36744007,2891.35
7/30/2022,133.3333333,391.025641,56.04117169,2915.93
7/31/2022,58.11965812,390.1098901,56.08159747,2859.21
8/1/2022,603.4188034,389.3406593,56.18517177,2824.03
8/2/2022,566.4957265,402.6984127,56.0810639,2754.22
8/3/2022,556.0683761,409.6459096,56.38456272,2790.82
8/4/2022,546.1538462,417.5091575,56.95171764,2738.3
8/5/2022,471.1111111,420.2197802,56.85431239,2804.4
8/6/2022,56.23931624,422.8815629,56.60733867,2824.09
8/7/2022,68.03418803,419.4139194,56.25278294,2813.42
8/8/2022,575.7264957,418.6446886,55.87480742,2946.45
8/9/2022,587.3504274,419.7313797,54.80449283,2798.7
8/10/2022,622.9059829,418.998779,54.70421171,2959.82
8/11/2022,609.2307692,421.6727717,54.4541927,3031.01
8/12/2022,573.6752137,424.5054945,53.21170258,2960.69
8/13/2022,115.5555556,430.5616606,53.55627473,3071.14
8/14/2022,105.4700855,429.2918193,52.2413056,3073.36
8/15/2022,583.2478632,432.6739927,51.47712848,2994.85
8/16/2022,602.0512821,431.2332112,51.80115192,2946.03
8/17/2022,655.042735,433.7728938,50.95920492,2882.58
8/18/2022,554.1880342,440.8424908,50.18918204,2908.03
8/19/2022,606.3247863,441.4163614,50.99659946,2639.34
8/20/2022,122.5641026,451.0744811,49.83165933,2604.89
8/21/2022,86.83760684,455.8119658,50.93004848,2608.97
8/22/2022,661.3675214,457.1550672,50.51420053,2559.18
8/23/2022,622.5641026,463.2722833,49.61908023,2623.67
8/24/2022,975.2136752,465.7875458,48.30174963,2631.82
8/25/2022,663.9316239,490.952381,47.05279372,2677.23
8/26/2022,513.3333333,494.8595849,45.87813016,2600.1
8/27/2022,107.3504274,490.5494505,45.83028052,2434.9
8/28/2022,102.2222222,489.96337,45.66969619,2416.54
8/29/2022,556.2393162,489.7313797,46.44568577,2452.99
8/30/2022,792.991453,487.8021978,47.01842937,2428.92
8/31/2022,793.6752137,501.4407814,47.62513008,2477.58
9/1/2022,660.6837607,511.3431013,49.18751967,2419.65
9/2/2022,517.2649573,518.9499389,51.14571001,2540.36
9/3/2022,115.7264957,512.5885226,50.77562235,2454.63
9/4/2022,93.5042735,512.1001221,51.13499101,2454.6
9/5/2022,491.4529915,512.5763126,50.49705519,2480.91
9/6/2022,564.957265,500.4395604,51.15342566,2519.16
9/7/2022,548.8888889,496.3247863,51.52916219,2376.95
9/8/2022,548.8888889,465.8730159,52.00355174,2465.67
9/9/2022,474.1880342,457.6556777,51.04810743,2654.09
9/10/2022,111.7948718,454.8595849,51.79573641,2661.58
9/11/2022,65.64102564,455.1770452,50.98556771,2702.92
9/12/2022,579.6581197,452.5641026,51.8147458,2756.43
9/13/2022,640.1709402,454.2368742,51.98532377,2569.8
9/14/2022,627.3504274,443.3211233,53.4232685,2521.31
9/15/2022,631.1111111,431.4407814,54.61887675,2417.98
9/16/2022,536.4102564,429.3284493,56.18832985,2391.52
9/17/2022,119.3162393,430.6959707,56.48625005,2417.23
9/18/2022,81.1965812,430.952381,57.03268673,2392.52
9/19/2022,548.034188,430.0732601,57.1576656,2313.45
9/20/2022,725.6410256,434.1147741,56.57685255,2296.12
9/21/2022,868.3760684,445.5921856,54.58980243,2300.91
9/22/2022,581.8803419,468.4126984,51.91857638,2236.2
9/23/2022,555.2136752,470.7692308,49.55001637,2228.87
9/24/2022,135.7264957,476.5567766,48.5252578,2296.24
9/25/2022,80.68376068,478.2661783,48.40740421,2261.58
9/26/2022,627.5213675,479.3406593,47.50917601,2290.94
9/27/2022,620.6837607,482.7594628,47.64714957,2405.35
9/28/2022,591.6239316,481.3675214,46.86250282,2302.84
9/29/2022,577.4358974,478.8156288,47.34561368,2285.32
9/30/2022,548.5470085,474.981685,48.18073338,2370.8
10/1/2022,98.97435897,475.8485958,47.94303938,2296.77
10/2/2022,127.8632479,474.3956044,47.5375287,2261.39
10/3/2022,510.2564103,477.7289377,47.44456835,2301.84
10/4/2022,737.9487179,475.030525,46.94838129,2376.18
