Timestamp,ERCOT Avg_345kv-Day Ahead,$/MW - Miner Hash Spread,Final Price/TWH
1/1/2017,,,$143.16 
1/2/2017,,,$146.07 
1/3/2017,,,$147.65 
1/4/2017,,,$162.80 
1/5/2017,,,$144.26 
1/6/2017,,,$127.03 
1/7/2017,,,$129.00 
1/8/2017,,,$131.20 
1/9/2017,,,$128.31 
1/10/2017,,,$120.75 
1/11/2017,,,$103.42 
1/12/2017,,,$106.68 
1/13/2017,,,$109.09 
1/14/2017,,,$108.74 
1/15/2017,,,$109.30 
1/16/2017,,,$109.90 
1/17/2017,,,$120.85 
1/18/2017,,,$118.09 
1/19/2017,,,$120.33 
1/20/2017,,,$119.23 
1/21/2017,,,$123.52 
1/22/2017,,,$104.22 
1/23/2017,,,$103.19 
1/24/2017,,,$99.17 
1/25/2017,,,$100.54 
1/26/2017,,,$103.02 
1/27/2017,,,$103.62 
1/28/2017,,,$104.04 
1/29/2017,,,$102.81 
1/30/2017,,,$103.69 
1/31/2017,,,$109.66 
2/1/2017,,,$112.06 
2/2/2017,,,$114.64 
2/3/2017,,,$115.85 
2/4/2017,,,$108.95 
2/5/2017,,,$106.66 
2/6/2017,,,$107.55 
2/7/2017,,,$111.19 
2/8/2017,,,$111.17 
2/9/2017,,,$103.43 
2/10/2017,,,$104.75 
2/11/2017,,,$106.87 
2/12/2017,,,$105.72 
2/13/2017,,,$105.08 
2/14/2017,,,$106.35 
2/15/2017,,,$106.43 
2/16/2017,,,$109.03 
2/17/2017,,,$111.27 
2/18/2017,,,$106.84 
2/19/2017,,,$106.30 
2/20/2017,,,$109.60 
2/21/2017,,,$114.21 
2/22/2017,,,$114.55 
2/23/2017,,,$119.88 
2/24/2017,,,$120.81 
2/25/2017,,,$117.45 
2/26/2017,,,$120.67 
2/27/2017,,,$121.93 
2/28/2017,,,$122.04 
3/1/2017,,,$125.76 
3/2/2017,,,$129.99 
3/3/2017,,,$126.55 
3/4/2017,,,$123.92 
3/5/2017,,,$125.02 
3/6/2017,,,$125.69 
3/7/2017,,,$120.54 
3/8/2017,,,$111.17 
3/9/2017,,,$116.08 
3/10/2017,,,$107.05 
3/11/2017,,,$115.01 
3/12/2017,,,$120.49 
3/13/2017,,,$121.44 
3/14/2017,,,$121.79 
3/15/2017,,,$123.38 
3/16/2017,,,$114.10 
3/17/2017,,,$99.43 
3/18/2017,,,$88.11 
3/19/2017,,,$93.39 
3/20/2017,,,$96.06 
3/21/2017,,,$103.42 
3/22/2017,,,$95.38 
3/23/2017,,,$94.33 
3/24/2017,,,$84.43 
3/25/2017,,,$87.40 
3/26/2017,,,$88.20 
3/27/2017,,,$95.81 
3/28/2017,,,$96.25 
3/29/2017,,,$95.72 
3/30/2017,,,$90.20 
3/31/2017,,,$94.71 
4/1/2017,,,$95.48 
4/2/2017,,,$96.34 
4/3/2017,,,$101.57 
4/4/2017,,,$100.75 
4/5/2017,,,$99.75 
4/6/2017,,,$105.77 
4/7/2017,,,$105.79 
4/8/2017,,,$104.85 
4/9/2017,,,$107.40 
4/10/2017,,,$107.45 
4/11/2017,,,$108.62 
4/12/2017,,,$107.91 
4/13/2017,,,$99.15 
4/14/2017,,,$98.95 
4/15/2017,,,$99.43 
4/16/2017,,,$98.21 
4/17/2017,,,$100.57 
4/18/2017,,,$101.74 
4/19/2017,,,$102.58 
4/20/2017,,,$105.00 
4/21/2017,,,$106.29 
4/22/2017,,,$105.60 
4/23/2017,,,$106.41 
4/24/2017,,,$107.01 
4/25/2017,,,$109.13 
4/26/2017,,,$110.67 
4/27/2017,,,$115.38 
4/28/2017,,,$115.74 
4/29/2017,,,$116.12 
4/30/2017,,,$118.87 
5/1/2017,,,$122.92 
5/2/2017,,,$126.78 
5/3/2017,,,$132.62 
5/4/2017,,,$135.26 
5/5/2017,,,$132.60 
5/6/2017,,,$138.23 
5/7/2017,,,$139.41 
5/8/2017,,,$149.45 
5/9/2017,,,$151.15 
5/10/2017,,,$146.36 
5/11/2017,,,$150.26 
5/12/2017,,,$137.71 
5/13/2017,,,$146.05 
5/14/2017,,,$146.85 
5/15/2017,,,$140.42 
5/16/2017,,,$141.65 
5/17/2017,,,$147.50 
5/18/2017,,,$155.30 
5/19/2017,,,$162.00 
5/20/2017,,,$169.76 
5/21/2017,,,$169.72 
5/22/2017,,,$175.24 
5/23/2017,,,$176.75 
5/24/2017,,,$190.46 
5/25/2017,,,$182.07 
5/26/2017,,,$177.10 
5/27/2017,,,$160.84 
5/28/2017,,,$173.18 
5/29/2017,,,$178.28 
5/30/2017,,,$169.78 
5/31/2017,,,$179.29 
6/1/2017,,,$189.34 
6/2/2017,,,$194.52 
6/3/2017,,,$199.92 
6/4/2017,,,$172.22 
6/5/2017,,,$184.99 
6/6/2017,,,$198.18 
6/7/2017,,,$185.46 
6/8/2017,,,$192.98 
6/9/2017,,,$193.49 
6/10/2017,,,$201.58 
6/11/2017,,,$206.85 
6/12/2017,,,$182.13 
6/13/2017,,,$185.89 
6/14/2017,,,$166.46 
6/15/2017,,,$164.35 
6/16/2017,,,$169.52 
6/17/2017,,,$172.23 
6/18/2017,,,$162.95 
6/19/2017,,,$168.76 
6/20/2017,,,$178.60 
6/21/2017,,,$172.87 
6/22/2017,,,$175.70 
6/23/2017,,,$175.27 
6/24/2017,,,$166.90 
6/25/2017,,,$162.16 
6/26/2017,,,$156.44 
6/27/2017,,,$166.72 
6/28/2017,,,$165.89 
6/29/2017,,,$164.71 
6/30/2017,,,$159.33 
7/1/2017,,,$157.22 
7/2/2017,,,$163.44 
7/3/2017,,,$165.90 
7/4/2017,,,$170.17 
7/5/2017,,,$170.73 
7/6/2017,,,$169.98 
7/7/2017,,,$162.87 
7/8/2017,,,$167.02 
7/9/2017,,,$163.23 
7/10/2017,,,$151.36 
7/11/2017,,,$149.30 
7/12/2017,,,$154.82 
7/13/2017,,,$151.44 
7/14/2017,,,$124.24 
7/15/2017,,,$108.81 
7/16/2017,,,$105.34 
7/17/2017,,,$124.79 
7/18/2017,,,$129.63 
7/19/2017,,,$127.00 
7/20/2017,,,$162.72 
7/21/2017,,,$152.23 
7/22/2017,,,$162.21 
7/23/2017,,,$157.74 
7/24/2017,,,$158.03 
7/25/2017,,,$145.65 
7/26/2017,,,$143.28 
7/27/2017,,,$141.16 
7/28/2017,,,$148.29 
7/29/2017,,,$143.31 
7/30/2017,,,$145.31 
7/31/2017,,,$152.74 
8/1/2017,,,$145.16 
8/2/2017,,,$143.41 
8/3/2017,,,$148.47 
8/4/2017,,,$152.40 
8/5/2017,,,$175.18 
8/6/2017,,,$173.56 
8/7/2017,,,$183.75 
8/8/2017,,,$185.14 
8/9/2017,,,$167.44 
8/10/2017,,,$172.33 
8/11/2017,,,$184.24 
8/12/2017,,,$196.28 
8/13/2017,,,$206.12 
8/14/2017,,,$220.56 
8/15/2017,,,$211.70 
8/16/2017,,,$223.28 
8/17/2017,,,$218.24 
8/18/2017,,,$208.72 
8/19/2017,,,$210.49 
8/20/2017,,,$205.70 
8/21/2017,,,$202.76 
8/22/2017,,,$207.95 
8/23/2017,,,$210.07 
8/24/2017,,,$229.14 
8/25/2017,,,$231.83 
8/26/2017,,,$230.80 
8/27/2017,,,$231.04 
8/28/2017,,,$233.36 
8/29/2017,,,$245.04 
8/30/2017,,,$244.27 
8/31/2017,,,$253.38 
9/1/2017,,,$264.15 
9/2/2017,,,$247.50 
9/3/2017,,,$246.85 
9/4/2017,,,$230.88 
9/5/2017,,,$235.73 
9/6/2017,,,$236.37 
9/7/2017,,,$236.98 
9/8/2017,,,$221.76 
9/9/2017,,,$221.17 
9/10/2017,,,$216.80 
9/11/2017,,,$214.49 
9/12/2017,,,$211.79 
9/13/2017,,,$196.06 
9/14/2017,,,$162.05 
9/15/2017,,,$187.56 
9/16/2017,,,$187.60 
9/17/2017,,,$187.14 
9/18/2017,,,$171.99 
9/19/2017,,,$163.67 
9/20/2017,,,$161.80 
9/21/2017,,,$150.36 
9/22/2017,,,$150.28 
9/23/2017,,,$157.81 
9/24/2017,,,$152.65 
9/25/2017,,,$164.02 
9/26/2017,,,$162.54 
9/27/2017,,,$176.77 
9/28/2017,,,$176.21 
9/29/2017,,,$174.81 
9/30/2017,,,$182.92 
10/1/2017,,,$181.45 
10/2/2017,,,$181.85 
10/3/2017,,,$178.27 
10/4/2017,,,$173.98 
10/5/2017,,,$178.54 
10/6/2017,,,$180.57 
10/7/2017,,,$183.43 
10/8/2017,,,$191.10 
10/9/2017,,,$198.73 
10/10/2017,,,$197.46 
10/11/2017,,,$200.79 
10/12/2017,,,$227.70 
10/13/2017,,,$236.66 
10/14/2017,,,$244.85 
10/15/2017,,,$224.25 
10/16/2017,,,$226.80 
10/17/2017,,,$220.20 
10/18/2017,,,$219.39 
10/19/2017,,,$224.68 
10/20/2017,,,$237.09 
10/21/2017,,,$237.85 
10/22/2017,,,$237.15 
10/23/2017,,,$232.58 
10/24/2017,,,$217.07 
10/25/2017,,,$226.52 
10/26/2017,,,$189.20 
10/27/2017,,,$185.34 
10/28/2017,,,$184.45 
10/29/2017,,,$198.16 
10/30/2017,,,$197.19 
10/31/2017,,,$208.17 
11/1/2017,,,$219.32 
11/2/2017,,,$228.53 
11/3/2017,,,$233.92 
11/4/2017,,,$240.91 
11/5/2017,,,$240.88 
11/6/2017,,,$226.05 
11/7/2017,,,$231.69 
11/8/2017,,,$243.58 
11/9/2017,,,$232.09 
11/10/2017,,,$228.05 
11/11/2017,,,$219.63 
11/12/2017,,,$203.05 
11/13/2017,,,$225.65 
11/14/2017,,,$228.21 
11/15/2017,,,$253.40 
11/16/2017,,,$274.07 
11/17/2017,,,$268.42 
11/18/2017,,,$271.69 
11/19/2017,,,$280.97 
11/20/2017,,,$289.13 
11/21/2017,,,$283.29 
11/22/2017,,,$288.73 
11/23/2017,,,$281.06 
11/24/2017,,,$291.54 
11/25/2017,,,$312.22 
11/26/2017,,,$333.67 
11/27/2017,,,$348.74 
11/28/2017,,,$355.14 
11/29/2017,,,$352.80 
11/30/2017,,,$356.15 
12/1/2017,,,$389.93 
12/2/2017,,,$392.19 
12/3/2017,,,$405.65 
12/4/2017,,,$418.26 
12/5/2017,,,$421.18 
12/6/2017,,,$424.23 
12/7/2017,,,$525.69 
12/8/2017,,,$497.28 
12/9/2017,,,$460.29 
12/10/2017,,,$459.79 
12/11/2017,,,$514.22 
12/12/2017,,,$528.07 
12/13/2017,,,$506.21 
12/14/2017,,,$508.81 
12/15/2017,,,$541.42 
12/16/2017,,,$602.57 
12/17/2017,,,$589.74 
12/18/2017,,,$494.20 
12/19/2017,,,$460.27 
12/20/2017,,,$426.03 
12/21/2017,,,$404.53 
12/22/2017,,,$364.15 
12/23/2017,,,$381.78 
12/24/2017,,,$364.95 
12/25/2017,,,$362.34 
12/26/2017,,,$407.45 
12/27/2017,,,$397.33 
12/28/2017,,,$372.59 
12/29/2017,,,$373.40 
12/30/2017,,,$326.81 
12/31/2017,,,$357.62 
1/1/2018,$41.21 ,"$2,516.62 ",$334.53 
1/2/2018,$67.25 ,"$2,737.30 ",$368.13 
1/3/2018,$55.48 ,"$2,813.04 ",$376.84 
1/4/2018,$51.10 ,"$2,832.95 ",$378.95 
1/5/2018,$35.39 ,"$3,187.50 ",$425.09 
1/6/2018,$22.39 ,"$3,231.73 ",$429.34 
1/7/2018,$16.69 ,"$3,060.15 ",$405.20 
1/8/2018,$22.95 ,"$2,832.20 ",$375.02 
1/9/2018,$19.79 ,"$2,724.42 ",$359.91 
1/10/2018,$17.87 ,"$2,809.11 ",$371.18 
1/11/2018,$19.59 ,"$2,514.32 ",$331.27 
1/12/2018,$28.35 ,"$2,598.28 ",$343.90 
1/13/2018,$32.45 ,"$2,313.78 ",$305.72 
1/14/2018,$27.83 ,"$2,225.45 ",$293.06 
1/15/2018,$25.10 ,"$2,214.91 ",$291.25 
1/16/2018,$59.79 ,"$1,832.47 ",$243.90 
1/17/2018,$226.57 ,"$1,611.14 ",$236.47 
1/18/2018,$73.34 ,"$1,789.52 ",$239.90 
1/19/2018,$27.80 ,"$1,871.67 ",$244.88 
1/20/2018,$21.84 ,"$2,084.34 ",$273.03 
1/21/2018,$18.09 ,"$1,872.21 ",$243.63 
1/22/2018,$24.41 ,"$1,754.63 ",$228.48 
1/23/2018,$27.44 ,"$1,754.87 ",$228.93 
1/24/2018,$27.92 ,"$1,845.66 ",$241.36 
1/25/2018,$23.93 ,"$1,549.03 ",$200.42 
1/26/2018,$23.52 ,"$1,542.85 ",$199.52 
1/27/2018,$27.99 ,"$1,572.58 ",$204.18 
1/28/2018,$29.00 ,"$1,608.81 ",$209.25 
1/29/2018,$30.93 ,"$1,543.66 ",$200.64 
1/30/2018,$23.24 ,"$1,380.22 ",$177.34 
1/31/2018,$21.72 ,"$1,402.93 ",$180.22 
2/1/2018,$22.51 ,"$1,250.50 ",$159.58 
2/2/2018,$23.86 ,"$1,218.80 ",$155.44 
2/3/2018,$19.53 ,"$1,280.94 ",$163.32 
2/4/2018,$20.94 ,"$1,133.79 ",$143.47 
2/5/2018,$21.44 ,$951.88 ,$118.77 
2/6/2018,$23.08 ,$963.46 ,$120.57 
2/7/2018,$25.25 ,$943.54 ,$118.15 
2/8/2018,$25.21 ,"$1,026.34 ",$129.42 
2/9/2018,$20.02 ,"$1,089.74 ",$137.35 
2/10/2018,$21.77 ,"$1,070.02 ",$134.90 
2/11/2018,$25.36 ,"$1,007.08 ",$126.82 
2/12/2018,$28.03 ,"$1,107.99 ",$140.92 
2/13/2018,$24.87 ,"$1,064.59 ",$134.58 
2/14/2018,$19.06 ,"$1,193.71 ",$151.37 
2/15/2018,$17.40 ,"$1,269.60 ",$161.48 
2/16/2018,$20.93 ,"$1,288.14 ",$164.49 
2/17/2018,$20.96 ,"$1,398.76 ",$179.55 
2/18/2018,$16.67 ,"$1,338.02 ",$170.70 
2/19/2018,$15.57 ,"$1,420.56 ",$181.79 
2/20/2018,$19.09 ,"$1,374.89 ",$176.05 
2/21/2018,$24.61 ,"$1,282.18 ",$164.18 
2/22/2018,$28.75 ,"$1,194.26 ",$152.77 
2/23/2018,$24.05 ,"$1,235.15 ",$157.70 
2/24/2018,$20.21 ,"$1,179.34 ",$149.57 
2/25/2018,$21.49 ,"$1,159.92 ",$147.10 
2/26/2018,$23.44 ,"$1,243.78 ",$158.79 
2/27/2018,$18.93 ,"$1,292.16 ",$164.76 
2/28/2018,$18.23 ,"$1,252.81 ",$159.31 
3/1/2018,$19.92 ,"$1,318.73 ",$168.51 
3/2/2018,$20.91 ,"$1,334.29 ",$170.77 
3/3/2018,$17.81 ,"$1,386.69 ",$177.48 
3/4/2018,$17.47 ,"$1,389.83 ",$177.86 
3/5/2018,$23.06 ,"$1,269.89 ",$162.29 
3/6/2018,$23.39 ,"$1,180.92 ",$150.22 
3/7/2018,$25.68 ,"$1,087.66 ",$137.83 
3/8/2018,$19.80 ,"$1,029.80 ",$129.15 
3/9/2018,$18.80 ,"$1,024.38 ",$128.28 
3/10/2018,$24.95 ,$965.55 ,$121.11 
3/11/2018,$19.32 ,"$1,050.79 ",$131.95 
3/12/2018,$26.25 ,"$1,002.13 ",$126.27 
3/13/2018,$26.41 ,"$1,000.83 ",$126.11 
3/14/2018,$21.96 ,$901.93 ,$112.04 
3/15/2018,$16.48 ,$910.88 ,$112.51 
3/16/2018,$23.21 ,$908.34 ,$113.08 
3/17/2018,$27.83 ,$856.63 ,$106.67 
3/18/2018,$23.23 ,$849.89 ,$105.12 
3/19/2018,$19.81 ,$896.52 ,$111.01 
3/20/2018,$23.29 ,$923.06 ,$115.10 
3/21/2018,$19.89 ,$928.14 ,$115.32 
3/22/2018,$19.07 ,$906.91 ,$112.32 
3/23/2018,$16.90 ,$919.59 ,$113.75 
3/24/2018,$28.10 ,$893.74 ,$111.76 
3/25/2018,$25.20 ,$876.66 ,$109.04 
3/26/2018,$24.43 ,$847.26 ,$104.93 
3/27/2018,$28.42 ,$803.98 ,$99.58 
3/28/2018,$26.78 ,$820.48 ,$101.60 
3/29/2018,$25.29 ,$735.21 ,$89.79 
3/30/2018,$22.58 ,$709.50 ,$85.92 
3/31/2018,$18.14 ,$722.74 ,$87.12 
4/1/2018,$22.98 ,$693.64 ,$83.81 
4/2/2018,$22.74 ,$718.12 ,$87.11 
4/3/2018,$22.15 ,$758.74 ,$92.56 
4/4/2018,$23.20 ,$694.31 ,$83.93 
4/5/2018,$22.51 ,$690.66 ,$83.34 
4/6/2018,$25.20 ,$668.97 ,$80.76 
4/7/2018,$25.83 ,$696.96 ,$84.65 
4/8/2018,$24.05 ,$711.33 ,$86.37 
4/9/2018,$31.56 ,$676.60 ,$82.66 
4/10/2018,$25.44 ,$690.64 ,$83.74 
4/11/2018,$18.09 ,$708.47 ,$85.17 
4/12/2018,$17.55 ,$812.40 ,$99.24 
4/13/2018,$19.89 ,$802.91 ,$98.27 
4/14/2018,$16.97 ,$748.49 ,$90.46 
4/15/2018,$25.13 ,$774.94 ,$95.18 
4/16/2018,$17.38 ,$753.68 ,$91.23 
4/17/2018,$18.55 ,$738.54 ,$89.32 
4/18/2018,$25.91 ,$755.71 ,$92.66 
4/19/2018,$22.35 ,$770.72 ,$94.22 
4/20/2018,$17.14 ,$828.97 ,$101.45 
4/21/2018,$20.94 ,$829.66 ,$102.06 
4/22/2018,$23.82 ,$819.04 ,$101.00 
4/23/2018,$26.53 ,$828.62 ,$102.68 
4/24/2018,$24.42 ,$907.50 ,$113.13 
4/25/2018,$23.63 ,$821.50 ,$101.31 
4/26/2018,$24.67 ,$864.00 ,$107.24 
4/27/2018,$26.52 ,$797.17 ,$98.39 
4/28/2018,$23.92 ,$830.08 ,$102.52 
4/29/2018,$17.52 ,$843.03 ,$103.41 
4/30/2018,$16.94 ,$828.27 ,$101.32 
5/1/2018,$18.13 ,$814.13 ,$99.56 
5/2/2018,$21.07 ,$822.90 ,$101.15 
5/3/2018,$25.86 ,$865.79 ,$107.65 
5/4/2018,$25.18 ,$862.86 ,$107.16 
5/5/2018,$27.73 ,$871.95 ,$108.74 
5/6/2018,$26.06 ,$855.67 ,$106.30 
5/7/2018,$26.16 ,$830.26 ,$102.85 
5/8/2018,$21.14 ,$824.30 ,$101.35 
5/9/2018,$24.83 ,$827.42 ,$102.28 
5/10/2018,$18.30 ,$808.02 ,$98.75 
5/11/2018,$18.96 ,$731.79 ,$88.46 
5/12/2018,$22.41 ,$731.60 ,$88.90 
5/13/2018,$25.23 ,$748.68 ,$91.61 
5/14/2018,$28.84 ,$744.74 ,$91.57 
5/15/2018,$38.00 ,$717.42 ,$89.10 
5/16/2018,$89.50 ,$652.03 ,$87.20 
5/17/2018,$38.88 ,$678.44 ,$83.91 
5/18/2018,$32.38 ,$699.64 ,$85.91 
5/19/2018,$27.77 ,$703.39 ,$85.79 
5/20/2018,$30.94 ,$724.51 ,$89.10 
5/21/2018,$32.16 ,$713.87 ,$87.82 
5/22/2018,$30.75 ,$683.36 ,$83.47 
5/23/2018,$32.20 ,$639.04 ,$77.63 
5/24/2018,$40.25 ,$607.87 ,$74.48 
5/25/2018,$51.55 ,$584.64 ,$72.86 
5/26/2018,$47.72 ,$580.37 ,$71.76 
5/27/2018,$33.07 ,$595.50 ,$71.82 
5/28/2018,$31.12 ,$577.86 ,$69.16 
5/29/2018,$44.02 ,$593.38 ,$73.03 
5/30/2018,$43.81 ,$588.35 ,$72.31 
5/31/2018,$43.86 ,$595.59 ,$73.31 
6/1/2018,$34.01 ,$609.50 ,$73.86 
6/2/2018,$30.84 ,$621.85 ,$75.11 
6/3/2018,$28.17 ,$630.80 ,$75.96 
6/4/2018,$29.41 ,$610.71 ,$73.40 
6/5/2018,$34.58 ,$532.81 ,$63.49 
6/6/2018,$31.60 ,$538.06 ,$63.80 
6/7/2018,$28.74 ,$542.45 ,$64.01 
6/8/2018,$29.79 ,$538.07 ,$63.56 
6/9/2018,$30.14 ,$532.75 ,$62.88 
6/10/2018,$26.84 ,$477.94 ,$54.97 
6/11/2018,$32.46 ,$481.03 ,$56.15 
6/12/2018,$30.87 ,$457.70 ,$52.76 
6/13/2018,$31.00 ,$440.92 ,$50.49 
6/14/2018,$28.29 ,$468.85 ,$53.93 
6/15/2018,$28.27 ,$452.46 ,$51.69 
6/16/2018,$25.56 ,$460.96 ,$52.48 
6/17/2018,$29.10 ,$454.84 ,$52.13 
6/18/2018,$30.22 ,$470.79 ,$54.45 
6/19/2018,$26.95 ,$462.42 ,$52.87 
6/20/2018,$27.26 ,$463.40 ,$53.04 
6/21/2018,$38.31 ,$449.51 ,$52.66 
6/22/2018,$33.53 ,$406.94 ,$46.21 
6/23/2018,$26.70 ,$419.79 ,$47.03 
6/24/2018,$24.23 ,$422.40 ,$47.05 
6/25/2018,$29.23 ,$424.05 ,$47.95 
6/26/2018,$29.33 ,$412.05 ,$46.33 
6/27/2018,$36.74 ,$408.86 ,$46.91 
6/28/2018,$28.23 ,$399.19 ,$44.43 
6/29/2018,$26.49 ,$423.91 ,$47.56 
6/30/2018,$26.57 ,$436.58 ,$49.30 
7/1/2018,$32.32 ,$430.19 ,$49.21 
7/2/2018,$43.15 ,$410.23 ,$47.97 
7/3/2018,$40.67 ,$407.13 ,$47.21 
7/4/2018,$28.03 ,$424.99 ,$47.92 
7/5/2018,$30.54 ,$424.79 ,$48.23 
7/6/2018,$32.12 ,$425.36 ,$48.53 
7/7/2018,$30.68 ,$439.47 ,$50.25 
7/8/2018,$29.02 ,$434.44 ,$49.34 
7/9/2018,$30.20 ,$432.18 ,$49.19 
7/10/2018,$31.97 ,$401.77 ,$45.29 
7/11/2018,$29.64 ,$408.57 ,$45.90 
7/12/2018,$29.65 ,$397.27 ,$44.36 
7/13/2018,$31.29 ,$396.15 ,$44.44 
7/14/2018,$31.89 ,$398.21 ,$44.80 
7/15/2018,$34.27 ,$401.61 ,$45.59 
7/16/2018,$41.35 ,$420.77 ,$49.16 
7/17/2018,$117.82 ,$401.72 ,$56.98 
7/18/2018,$239.96 ,$283.27 ,$57.48 
7/19/2018,$205.50 ,$324.55 ,$58.41 
7/20/2018,$122.65 ,$399.46 ,$57.33 
7/21/2018,$234.92 ,$291.72 ,$57.94 
7/22/2018,$239.79 ,$286.83 ,$57.94 
7/23/2018,$272.41 ,$275.14 ,$60.79 
7/24/2018,$86.76 ,$511.26 ,$67.66 
7/25/2018,$115.12 ,$465.66 ,$65.32 
7/26/2018,$91.60 ,$472.86 ,$63.09 
7/27/2018,$45.78 ,$534.03 ,$65.18 
7/28/2018,$40.53 ,$540.78 ,$65.39 
7/29/2018,$40.50 ,$467.51 ,$55.41 
7/30/2018,$34.43 ,$471.24 ,$55.09 
7/31/2018,$29.25 ,$451.17 ,$51.65 
8/1/2018,$34.65 ,$436.50 ,$50.39 
8/2/2018,$34.08 ,$433.50 ,$49.90 
8/3/2018,$29.60 ,$429.89 ,$48.80 
8/4/2018,$26.10 ,$408.43 ,$45.40 
8/5/2018,$27.12 ,$409.37 ,$45.67 
8/6/2018,$30.31 ,$399.22 ,$44.72 
8/7/2018,$32.39 ,$384.93 ,$43.06 
8/8/2018,$33.67 ,$355.97 ,$39.29 
8/9/2018,$28.83 ,$377.01 ,$41.49 
8/10/2018,$28.42 ,$353.74 ,$38.27 
8/11/2018,$26.80 ,$335.09 ,$35.51 
8/12/2018,$26.18 ,$338.32 ,$35.86 
8/13/2018,$24.63 ,$337.74 ,$35.57 
8/14/2018,$24.98 ,$331.73 ,$34.80 
8/15/2018,$31.76 ,$330.34 ,$35.54 
8/16/2018,$34.07 ,$329.84 ,$35.78 
8/17/2018,$43.45 ,$335.18 ,$37.79 
8/18/2018,$34.58 ,$335.02 ,$36.56 
8/19/2018,$31.92 ,$342.42 ,$37.20 
8/20/2018,$38.68 ,$324.10 ,$35.63 
8/21/2018,$42.83 ,$330.94 ,$37.13 
8/22/2018,$36.45 ,$330.45 ,$36.19 
8/23/2018,$32.65 ,$343.35 ,$37.43 
8/24/2018,$31.43 ,$335.67 ,$36.22 
8/25/2018,$32.87 ,$337.09 ,$36.61 
8/26/2018,$29.46 ,$337.53 ,$36.20 
8/27/2018,$27.94 ,$348.12 ,$37.44 
8/28/2018,$27.18 ,$360.61 ,$39.04 
8/29/2018,$35.05 ,$350.00 ,$38.66 
8/30/2018,$34.18 ,$347.34 ,$38.18 
8/31/2018,$30.24 ,$354.30 ,$38.59 
9/1/2018,$28.93 ,$364.17 ,$39.76 
9/2/2018,$28.09 ,$369.14 ,$40.32 
9/3/2018,$25.61 ,$371.39 ,$40.29 
9/4/2018,$26.76 ,$375.59 ,$41.02 
9/5/2018,$28.03 ,$344.60 ,$36.97 
9/6/2018,$29.27 ,$328.04 ,$34.89 
9/7/2018,$29.11 ,$309.39 ,$32.32 
9/8/2018,$26.71 ,$299.23 ,$30.61 
9/9/2018,$26.37 ,$303.78 ,$31.19 
9/10/2018,$27.20 ,$304.31 ,$31.37 
9/11/2018,$24.68 ,$306.56 ,$31.34 
9/12/2018,$24.41 ,$308.72 ,$31.59 
9/13/2018,$26.86 ,$314.68 ,$32.74 
9/14/2018,$26.89 ,$314.20 ,$32.68 
9/15/2018,$27.96 ,$314.78 ,$32.90 
9/16/2018,$30.71 ,$310.48 ,$32.69 
9/17/2018,$34.38 ,$294.59 ,$31.03 
9/18/2018,$34.40 ,$299.18 ,$31.65 
9/19/2018,$25.37 ,$309.55 ,$31.84 
9/20/2018,$24.45 ,$310.83 ,$31.89 
9/21/2018,$26.89 ,$319.26 ,$33.37 
9/22/2018,$22.78 ,$322.72 ,$33.28 
9/23/2018,$24.53 ,$320.20 ,$33.17 
9/24/2018,$26.99 ,$311.99 ,$32.39 
9/25/2018,$26.60 ,$304.62 ,$31.33 
9/26/2018,$24.11 ,$309.88 ,$31.71 
9/27/2018,$25.55 ,$317.82 ,$32.99 
9/28/2018,$25.08 ,$316.30 ,$32.72 
9/29/2018,$25.66 ,$313.66 ,$32.44 
9/30/2018,$27.20 ,$313.46 ,$32.62 
10/1/2018,$27.50 ,$311.08 ,$32.34 
10/2/2018,$28.55 ,$308.41 ,$32.12 
10/3/2018,$26.31 ,$307.90 ,$31.74 
10/4/2018,$30.65 ,$293.64 ,$30.39 
10/5/2018,$29.23 ,$297.34 ,$30.70 
10/6/2018,$38.87 ,$286.05 ,$30.48 
10/7/2018,$34.45 ,$291.16 ,$30.57 
10/8/2018,$31.00 ,$297.04 ,$30.90 
10/9/2018,$34.90 ,$292.57 ,$30.82 
10/10/2018,$31.96 ,$292.77 ,$30.45 
10/11/2018,$25.79 ,$282.37 ,$28.19 
10/12/2018,$29.48 ,$279.87 ,$28.35 
10/13/2018,$32.21 ,$277.92 ,$28.46 
10/14/2018,$32.88 ,$277.40 ,$28.48 
10/15/2018,$29.19 ,$296.53 ,$30.58 
10/16/2018,$33.92 ,$291.57 ,$30.55 
10/17/2018,$30.96 ,$291.85 ,$30.19 
10/18/2018,$29.64 ,$301.74 ,$31.35 
10/19/2018,$29.75 ,$301.18 ,$31.29 
10/20/2018,$27.51 ,$304.62 ,$31.46 
10/21/2018,$27.19 ,$304.58 ,$31.41 
10/22/2018,$28.53 ,$303.73 ,$31.48 
10/23/2018,$28.14 ,$303.29 ,$31.36 
10/24/2018,$27.89 ,$304.55 ,$31.50 
10/25/2018,$28.79 ,$302.92 ,$31.40 
10/26/2018,$29.67 ,$301.87 ,$31.38 
10/27/2018,$29.01 ,$302.65 ,$31.39 
10/28/2018,$29.98 ,$302.00 ,$31.44 
10/29/2018,$26.00 ,$298.12 ,$30.37 
10/30/2018,$28.94 ,$295.27 ,$30.38 
10/31/2018,$27.67 ,$295.68 ,$30.26 
11/1/2018,$25.73 ,$300.50 ,$30.65 
11/2/2018,$25.10 ,$301.91 ,$30.76 
11/3/2018,$20.35 ,$305.15 ,$30.55 
11/4/2018,$26.91 ,$299.35 ,$30.66 
11/5/2018,$26.77 ,$302.12 ,$31.02 
11/6/2018,$38.29 ,$292.02 ,$31.21 
11/7/2018,$33.89 ,$299.78 ,$31.67 
11/8/2018,$29.38 ,$301.03 ,$31.22 
11/9/2018,$27.93 ,$298.90 ,$30.74 
11/10/2018,$26.89 ,$300.99 ,$30.88 
11/11/2018,$29.28 ,$298.66 ,$30.89 
11/12/2018,$26.46 ,$299.65 ,$30.64 
11/13/2018,$37.80 ,$287.50 ,$30.53 
11/14/2018,$46.64 ,$246.17 ,$26.10 
11/15/2018,$36.65 ,$252.23 ,$25.57 
11/16/2018,$33.02 ,$275.01 ,$28.18 
11/17/2018,$27.16 ,$279.77 ,$28.03 
11/18/2018,$31.70 ,$278.94 ,$28.53 
11/19/2018,$35.13 ,$234.24 ,$22.91 
11/20/2018,$34.59 ,$209.36 ,$19.45 
11/21/2018,$35.77 ,$218.52 ,$20.86 
11/22/2018,$31.59 ,$209.80 ,$19.10 
11/23/2018,$29.12 ,$211.01 ,$18.93 
11/24/2018,$25.58 ,$188.99 ,$15.45 
11/25/2018,$26.42 ,$195.43 ,$16.44 
11/26/2018,$38.29 ,$170.30 ,$14.63 
11/27/2018,$30.45 ,$180.27 ,$14.92 
11/28/2018,$22.27 ,$213.16 ,$18.29 
11/29/2018,$25.81 ,$210.39 ,$18.39 
11/30/2018,$23.14 ,$198.78 ,$16.45 
12/1/2018,$19.70 ,$213.23 ,$17.95 
12/2/2018,$31.55 ,$197.11 ,$17.37 
12/3/2018,$34.11 ,$219.34 ,$20.74 
12/4/2018,$38.70 ,$221.52 ,$21.66 
12/5/2018,$31.50 ,$212.91 ,$19.51 
12/6/2018,$33.52 ,$195.73 ,$17.45 
12/7/2018,$36.27 ,$186.39 ,$16.55 
12/8/2018,$39.31 ,$187.01 ,$17.05 
12/9/2018,$44.45 ,$190.99 ,$18.29 
12/10/2018,$43.94 ,$184.29 ,$17.31 
12/11/2018,$28.65 ,$194.25 ,$16.58 
12/12/2018,$32.53 ,$194.12 ,$17.09 
12/13/2018,$25.90 ,$189.74 ,$15.59 
12/14/2018,$30.09 ,$181.00 ,$14.98 
12/15/2018,$31.26 ,$179.50 ,$14.93 
12/16/2018,$31.47 ,$180.47 ,$15.09 
12/17/2018,$33.62 ,$197.21 ,$17.66 
12/18/2018,$28.88 ,$237.16 ,$22.46 
12/19/2018,$30.52 ,$239.27 ,$22.97 
12/20/2018,$25.37 ,$272.12 ,$26.74 
12/21/2018,$31.96 ,$248.41 ,$24.41 
12/22/2018,$27.32 ,$261.52 ,$25.56 
12/23/2018,$28.85 ,$259.01 ,$25.43 
12/24/2018,$27.36 ,$266.40 ,$26.23 
12/25/2018,$23.79 ,$250.89 ,$23.63 
12/26/2018,$20.15 ,$257.45 ,$24.03 
12/27/2018,$21.86 ,$241.58 ,$22.10 
12/28/2018,$24.11 ,$258.55 ,$24.72 
12/29/2018,$28.73 ,$246.84 ,$23.76 
12/30/2018,$28.32 ,$250.09 ,$24.14 
12/31/2018,$22.16 ,$222.63 ,$19.56 
1/1/2019,$24.67 ,$226.64 ,$20.45 
1/2/2019,$35.81 ,$222.20 ,$21.36 
1/3/2019,$31.16 ,$219.86 ,$20.41 
1/4/2019,$27.96 ,$224.48 ,$20.61 
1/5/2019,$22.17 ,$229.15 ,$20.45 
1/6/2019,$17.83 ,$248.87 ,$22.55 
1/7/2019,$20.99 ,$242.33 ,$22.09 
1/8/2019,$22.64 ,$241.27 ,$22.17 
1/9/2019,$23.39 ,$240.66 ,$22.19 
1/10/2019,$21.24 ,$219.53 ,$19.02 
1/11/2019,$20.49 ,$220.70 ,$19.07 
1/12/2019,$22.24 ,$217.29 ,$18.85 
1/13/2019,$28.68 ,$203.73 ,$17.88 
1/14/2019,$28.93 ,$202.62 ,$17.76 
1/15/2019,$26.71 ,$200.05 ,$17.11 
1/16/2019,$25.95 ,$202.50 ,$17.34 
1/17/2019,$27.08 ,$202.83 ,$17.54 
1/18/2019,$19.94 ,$208.33 ,$17.32 
1/19/2019,$24.00 ,$208.99 ,$17.96 
1/20/2019,$27.16 ,$197.95 ,$16.88 
1/21/2019,$19.03 ,$204.46 ,$16.66 
1/22/2019,$17.58 ,$207.66 ,$16.90 
1/23/2019,$26.89 ,$197.10 ,$16.73 
1/24/2019,$26.53 ,$198.70 ,$16.90 
1/25/2019,$30.14 ,$194.91 ,$16.88 
1/26/2019,$25.51 ,$199.52 ,$16.87 
1/27/2019,$24.65 ,$199.44 ,$16.75 
1/28/2019,$18.67 ,$200.86 ,$16.12 
1/29/2019,$29.80 ,$188.13 ,$15.91 
1/30/2019,$25.54 ,$194.81 ,$16.24 
1/31/2019,$21.39 ,$197.18 ,$15.99 
2/1/2019,$24.20 ,$196.36 ,$16.27 
2/2/2019,$20.83 ,$202.14 ,$16.59 
2/3/2019,$14.50 ,$204.35 ,$16.03 
2/4/2019,$19.69 ,$198.86 ,$15.99 
2/5/2019,$17.51 ,$201.29 ,$16.02 
2/6/2019,$17.83 ,$197.94 ,$15.61 
2/7/2019,$18.36 ,$196.64 ,$15.51 
2/8/2019,$28.48 ,$203.02 ,$17.75 
2/9/2019,$26.23 ,$205.91 ,$17.84 
2/10/2019,$22.16 ,$201.28 ,$16.66 
2/11/2019,$19.01 ,$202.24 ,$16.36 
2/12/2019,$22.52 ,$199.09 ,$16.41 
2/13/2019,$18.52 ,$201.72 ,$16.22 
2/14/2019,$19.06 ,$200.27 ,$16.10 
2/15/2019,$21.86 ,$197.88 ,$16.15 
2/16/2019,$20.75 ,$199.46 ,$16.22 
2/17/2019,$20.81 ,$202.20 ,$16.60 
2/18/2019,$21.45 ,$216.00 ,$18.56 
2/19/2019,$28.30 ,$211.03 ,$18.82 
2/20/2019,$23.18 ,$219.23 ,$19.24 
2/21/2019,$19.83 ,$219.87 ,$18.87 
2/22/2019,$22.81 ,$219.92 ,$19.28 
2/23/2019,$16.48 ,$234.97 ,$20.47 
2/24/2019,$22.67 ,$208.31 ,$17.68 
2/25/2019,$18.29 ,$216.92 ,$18.26 
2/26/2019,$20.71 ,$212.85 ,$18.03 
2/27/2019,$22.11 ,$211.05 ,$17.98 
2/28/2019,$26.86 ,$206.58 ,$18.02 
3/1/2019,$25.59 ,$208.23 ,$18.07 
3/2/2019,$23.86 ,$210.30 ,$18.12 
3/3/2019,$23.19 ,$209.64 ,$17.94 
3/4/2019,$54.98 ,$172.73 ,$17.24 
3/5/2019,$97.71 ,$138.06 ,$18.34 
3/6/2019,$29.50 ,$206.95 ,$18.43 
3/7/2019,$19.45 ,$217.35 ,$18.48 
3/8/2019,$20.86 ,$215.16 ,$18.37 
3/9/2019,$23.56 ,$216.26 ,$18.89 
3/10/2019,$26.34 ,$213.16 ,$18.84 
3/11/2019,$28.84 ,$207.77 ,$18.45 
3/12/2019,$20.84 ,$216.09 ,$18.49 
3/13/2019,$16.91 ,$219.73 ,$18.45 
3/14/2019,$21.26 ,$215.80 ,$18.51 
3/15/2019,$26.23 ,$213.57 ,$18.88 
3/16/2019,$31.32 ,$213.94 ,$19.63 
3/17/2019,$27.99 ,$216.06 ,$19.46 
3/18/2019,$33.43 ,$210.97 ,$19.51 
3/19/2019,$25.37 ,$221.20 ,$19.81 
3/20/2019,$28.61 ,$218.92 ,$19.94 
3/21/2019,$29.42 ,$214.79 ,$19.48 
3/22/2019,$18.26 ,$225.49 ,$19.42 
3/23/2019,$19.90 ,$224.61 ,$19.53 
3/24/2019,$24.17 ,$207.43 ,$17.77 
3/25/2019,$31.30 ,$197.12 ,$17.34 
3/26/2019,$21.60 ,$208.05 ,$17.50 
3/27/2019,$15.71 ,$219.80 ,$18.30 
3/28/2019,$16.01 ,$218.48 ,$18.16 
3/29/2019,$19.97 ,$216.21 ,$18.39 
3/30/2019,$15.20 ,$220.90 ,$18.38 
3/31/2019,$25.48 ,$211.04 ,$18.44 
4/1/2019,$33.60 ,$205.98 ,$18.86 
4/2/2019,$17.24 ,$264.37 ,$24.58 
4/3/2019,$14.06 ,$272.42 ,$25.24 
4/4/2019,$30.70 ,$252.99 ,$24.86 
4/5/2019,$23.25 ,$267.01 ,$25.76 
4/6/2019,$21.28 ,$269.85 ,$25.87 
4/7/2019,$23.63 ,$275.33 ,$26.94 
4/8/2019,$36.04 ,$268.15 ,$27.65 
4/9/2019,$33.22 ,$266.08 ,$26.99 
4/10/2019,$22.36 ,$283.85 ,$27.93 
4/11/2019,$22.55 ,$268.68 ,$25.89 
4/12/2019,$22.97 ,$269.66 ,$26.08 
4/13/2019,$17.81 ,$275.26 ,$26.14 
4/14/2019,$21.22 ,$275.92 ,$26.69 
4/15/2019,$13.72 ,$277.60 ,$25.90 
4/16/2019,$14.21 ,$286.97 ,$27.24 
4/17/2019,$17.28 ,$284.71 ,$27.35 
4/18/2019,$16.96 ,$287.76 ,$27.72 
4/19/2019,$22.86 ,$282.22 ,$27.77 
4/20/2019,$16.51 ,$290.41 ,$28.02 
4/21/2019,$13.66 ,$293.87 ,$28.11 
4/22/2019,$22.87 ,$289.59 ,$28.78 
4/23/2019,$24.93 ,$297.50 ,$30.14 
4/24/2019,$27.01 ,$289.22 ,$29.29 
4/25/2019,$29.18 ,$272.33 ,$27.29 
4/26/2019,$22.79 ,$282.78 ,$27.84 
4/27/2019,$20.81 ,$283.94 ,$27.73 
4/28/2019,$19.13 ,$286.70 ,$27.88 
4/29/2019,$22.17 ,$281.52 ,$27.58 
4/30/2019,$22.23 ,$287.35 ,$28.39 
5/1/2019,$26.94 ,$285.59 ,$28.79 
5/2/2019,$30.78 ,$287.79 ,$29.61 
5/3/2019,$28.98 ,$304.81 ,$31.68 
5/4/2019,$30.62 ,$289.16 ,$29.78 
5/5/2019,$23.57 ,$294.07 ,$29.48 
5/6/2019,$22.91 ,$292.50 ,$29.18 
5/7/2019,$21.28 ,$299.24 ,$29.88 
5/8/2019,$24.88 ,$303.34 ,$30.92 
5/9/2019,$24.48 ,$314.18 ,$32.35 
5/10/2019,$20.47 ,$329.44 ,$33.88 
5/11/2019,$23.23 ,$372.37 ,$40.10 
5/12/2019,$24.65 ,$357.79 ,$38.31 
5/13/2019,$24.28 ,$403.95 ,$44.54 
5/14/2019,$29.27 ,$409.23 ,$45.94 
5/15/2019,$27.57 ,$422.49 ,$47.52 
5/16/2019,$21.33 ,$411.08 ,$45.11 
5/17/2019,$18.53 ,$383.66 ,$41.00 
5/18/2019,$19.80 ,$378.98 ,$40.53 
5/19/2019,$28.46 ,$420.99 ,$47.43 
5/20/2019,$19.61 ,$417.79 ,$45.79 
5/21/2019,$20.13 ,$416.55 ,$45.69 
5/22/2019,$22.44 ,$398.93 ,$43.61 
5/23/2019,$21.18 ,$410.99 ,$45.08 
5/24/2019,$24.02 ,$413.94 ,$45.87 
5/25/2019,$21.69 ,$419.84 ,$46.35 
5/26/2019,$18.84 ,$456.77 ,$50.99 
5/27/2019,$20.11 ,$462.55 ,$51.96 
5/28/2019,$24.22 ,$453.90 ,$51.34 
5/29/2019,$23.86 ,$450.90 ,$50.88 
5/30/2019,$25.43 ,$384.25 ,$42.02 
5/31/2019,$26.83 ,$396.20 ,$43.84 
6/1/2019,$29.99 ,$392.23 ,$43.72 
6/2/2019,$27.96 ,$403.00 ,$44.92 
6/3/2019,$27.48 ,$377.34 ,$41.36 
6/4/2019,$27.06 ,$352.15 ,$37.87 
6/5/2019,$25.80 ,$359.60 ,$38.71 
6/6/2019,$30.85 ,$354.72 ,$38.73 
6/7/2019,$32.79 ,$363.56 ,$40.20 
6/8/2019,$33.85 ,$357.53 ,$39.53 
6/9/2019,$32.30 ,$346.51 ,$37.81 
6/10/2019,$21.89 ,$372.11 ,$39.88 
6/11/2019,$21.72 ,$368.74 ,$39.40 
6/12/2019,$24.89 ,$376.24 ,$40.85 
6/13/2019,$20.08 ,$385.33 ,$41.44 
6/14/2019,$18.77 ,$412.41 ,$44.94 
6/15/2019,$21.95 ,$416.64 ,$45.95 
6/16/2019,$24.04 ,$422.18 ,$46.99 
6/17/2019,$26.03 ,$436.55 ,$49.22 
6/18/2019,$23.86 ,$426.17 ,$47.51 
6/19/2019,$32.22 ,$428.05 ,$48.91 
6/20/2019,$30.73 ,$442.00 ,$50.60 
6/21/2019,$20.70 ,$481.34 ,$54.59 
6/22/2019,$19.42 ,$511.18 ,$58.48 
6/23/2019,$20.25 ,$517.71 ,$59.48 
6/24/2019,$23.16 ,$522.96 ,$60.60 
6/25/2019,$22.28 ,$562.42 ,$65.85 
6/26/2019,$20.19 ,$624.98 ,$74.08 
6/27/2019,$21.83 ,$494.82 ,$56.58 
6/28/2019,$26.93 ,$547.22 ,$64.41 
6/29/2019,$23.97 ,$530.10 ,$61.68 
6/30/2019,$22.16 ,$479.03 ,$54.48 
7/1/2019,$21.22 ,$469.46 ,$53.05 
7/2/2019,$21.51 ,$479.35 ,$54.43 
7/3/2019,$21.57 ,$532.24 ,$61.64 
7/4/2019,$21.25 ,$498.24 ,$56.97 
7/5/2019,$23.79 ,$485.11 ,$55.53 
7/6/2019,$27.12 ,$492.21 ,$56.95 
7/7/2019,$28.33 ,$502.22 ,$58.48 
7/8/2019,$30.22 ,$538.99 ,$63.74 
7/9/2019,$55.28 ,$454.15 ,$55.60 
7/10/2019,$48.27 ,$444.61 ,$53.35 
7/11/2019,$37.33 ,$422.83 ,$48.89 
7/12/2019,$36.05 ,$443.20 ,$51.49 
7/13/2019,$40.82 ,$420.44 ,$49.04 
7/14/2019,$36.32 ,$379.74 ,$42.89 
7/15/2019,$41.12 ,$401.06 ,$46.44 
7/16/2019,$27.65 ,$357.38 ,$38.66 
7/17/2019,$24.38 ,$368.80 ,$39.77 
7/18/2019,$23.27 ,$409.21 ,$45.12 
7/19/2019,$22.01 ,$405.22 ,$44.41 
7/20/2019,$20.84 ,$415.98 ,$45.71 
7/21/2019,$26.05 ,$403.81 ,$44.76 
7/22/2019,$32.99 ,$386.36 ,$43.33 
7/23/2019,$23.80 ,$379.97 ,$41.21 
7/24/2019,$24.69 ,$375.89 ,$40.78 
7/25/2019,$22.15 ,$382.14 ,$41.28 
7/26/2019,$23.08 ,$379.56 ,$41.06 
7/27/2019,$22.94 ,$362.78 ,$38.75 
7/28/2019,$22.26 ,$367.45 ,$39.30 
7/29/2019,$30.72 ,$357.61 ,$39.11 
7/30/2019,$34.93 ,$356.79 ,$39.57 
7/31/2019,$48.62 ,$362.72 ,$42.24 
8/1/2019,$44.82 ,$379.32 ,$43.99 
8/2/2019,$61.56 ,$367.42 ,$44.64 
8/3/2019,$28.41 ,$412.95 ,$46.33 
8/4/2019,$25.78 ,$421.63 ,$47.16 
8/5/2019,$44.74 ,$389.90 ,$45.42 
8/6/2019,$82.22 ,$340.36 ,$43.77 
8/7/2019,$144.19 ,$295.47 ,$46.10 
8/8/2019,$42.09 ,$398.47 ,$46.22 
8/9/2019,$59.62 ,$377.13 ,$45.70 
8/10/2019,$58.06 ,$359.95 ,$43.15 
8/11/2019,$73.78 ,$350.47 ,$44.00 
8/12/2019,$144.72 ,$274.34 ,$43.29 
8/13/2019,$403.92 ,($2.78),$40.85 
8/14/2019,$218.01 ,$151.57 ,$36.56 
8/15/2019,$230.22 ,$149.41 ,$37.93 
8/16/2019,$509.27 ,($127.33),$38.24 
8/17/2019,$75.85 ,$300.84 ,$37.53 
8/18/2019,$57.13 ,$316.35 ,$37.09 
8/19/2019,$185.61 ,$208.46 ,$39.89 
8/20/2019,$271.06 ,$117.49 ,$39.14 
8/21/2019,$386.95 ,($20.97),$36.07 
8/22/2019,$69.53 ,$296.20 ,$36.03 
8/23/2019,$39.44 ,$336.29 ,$37.39 
8/24/2019,$32.66 ,$334.11 ,$36.17 
8/25/2019,$39.48 ,$326.52 ,$36.07 
8/26/2019,$395.03 ,($20.57),$37.22 
8/27/2019,$44.37 ,$323.32 ,$36.30 
8/28/2019,$32.34 ,$319.88 ,$34.19 
8/29/2019,$42.07 ,$301.25 ,$32.98 
8/30/2019,$36.86 ,$309.63 ,$33.41 
8/31/2019,$37.05 ,$310.61 ,$33.57 
9/1/2019,$33.07 ,$299.95 ,$31.58 
9/2/2019,$42.26 ,$310.85 ,$34.31 
9/3/2019,$81.83 ,$280.73 ,$35.60 
9/4/2019,$91.76 ,$269.80 ,$35.47 
9/5/2019,$653.96 ,($293.04),$35.38 
9/6/2019,$569.17 ,($215.84),$34.34 
9/7/2019,$31.23 ,$327.70 ,$35.11 
9/8/2019,$22.04 ,$334.30 ,$34.75 
9/9/2019,$23.47 ,$329.24 ,$34.26 
9/10/2019,$21.91 ,$323.32 ,$33.24 
9/11/2019,$23.05 ,$324.31 ,$33.53 
9/12/2019,$30.86 ,$324.41 ,$34.61 
9/13/2019,$36.73 ,$283.59 ,$29.85 
9/14/2019,$33.64 ,$286.60 ,$29.84 
9/15/2019,$33.48 ,$286.44 ,$29.79 
9/16/2019,$32.16 ,$285.57 ,$29.50 
9/17/2019,$27.62 ,$289.01 ,$29.35 
9/18/2019,$25.50 ,$289.80 ,$29.17 
9/19/2019,$24.94 ,$292.47 ,$29.45 
9/20/2019,$23.31 ,$291.48 ,$29.10 
9/21/2019,$20.09 ,$289.69 ,$28.41 
9/22/2019,$28.77 ,$282.58 ,$28.63 
9/23/2019,$47.25 ,$253.55 ,$27.19 
9/24/2019,$70.10 ,$196.42 ,$22.52 
9/25/2019,$101.35 ,$161.04 ,$21.96 
9/26/2019,$162.44 ,$71.47 ,$18.08 
9/27/2019,$28.88 ,$208.86 ,$18.60 
9/28/2019,$20.64 ,$216.93 ,$18.58 
9/29/2019,$18.79 ,$214.70 ,$18.03 
9/30/2019,$21.84 ,$217.11 ,$18.77 
10/1/2019,$23.71 ,$216.67 ,$18.96 
10/2/2019,$106.41 ,$135.40 ,$19.16 
10/3/2019,$81.51 ,$156.47 ,$18.64 
10/4/2019,$34.72 ,$201.70 ,$18.42 
10/5/2019,$65.04 ,$169.81 ,$18.21 
10/6/2019,$32.79 ,$197.36 ,$17.57 
10/7/2019,$21.44 ,$216.12 ,$18.58 
10/8/2019,$18.99 ,$218.09 ,$18.51 
10/9/2019,$19.54 ,$228.11 ,$19.95 
10/10/2019,$42.27 ,$200.30 ,$19.26 
10/11/2019,$15.47 ,$219.69 ,$18.25 
10/12/2019,$17.00 ,$218.77 ,$18.34 
10/13/2019,$18.80 ,$216.42 ,$18.26 
10/14/2019,$21.21 ,$215.39 ,$18.45 
10/15/2019,$25.39 ,$206.58 ,$17.82 
10/16/2019,$18.72 ,$208.99 ,$17.24 
10/17/2019,$16.94 ,$212.06 ,$17.41 
10/18/2019,$14.34 ,$211.11 ,$16.93 
10/19/2019,$30.93 ,$194.88 ,$16.98 
10/20/2019,$18.77 ,$213.48 ,$17.86 
10/21/2019,$23.95 ,$208.82 ,$17.93 
10/22/2019,$19.97 ,$208.40 ,$17.33 
10/23/2019,$14.17 ,$187.37 ,$13.68 
10/24/2019,$14.27 ,$187.04 ,$13.64 
10/25/2019,$17.35 ,$215.07 ,$17.88 
10/26/2019,$20.46 ,$227.87 ,$20.05 
10/27/2019,$15.31 ,$241.37 ,$21.18 
10/28/2019,$21.73 ,$227.08 ,$20.11 
10/29/2019,$25.03 ,$228.16 ,$20.71 
10/30/2019,$19.84 ,$227.43 ,$19.90 
10/31/2019,$36.03 ,$210.73 ,$19.83 
11/1/2019,$21.51 ,$227.14 ,$20.09 
11/2/2019,$25.23 ,$225.15 ,$20.32 
11/3/2019,$17.96 ,$230.01 ,$20.00 
11/4/2019,$23.02 ,$229.76 ,$20.65 
11/5/2019,$27.69 ,$223.31 ,$20.41 
11/6/2019,$22.90 ,$228.34 ,$20.44 
11/7/2019,$20.13 ,$247.71 ,$22.70 
11/8/2019,$32.73 ,$222.09 ,$20.93 
11/9/2019,$27.01 ,$227.75 ,$20.92 
11/10/2019,$18.06 ,$243.73 ,$21.88 
11/11/2019,$15.99 ,$237.08 ,$20.69 
11/12/2019,$53.35 ,$201.35 ,$20.91 
11/13/2019,$32.25 ,$222.58 ,$20.93 
11/14/2019,$27.90 ,$223.84 ,$20.51 
11/15/2019,$27.91 ,$217.51 ,$19.65 
11/16/2019,$20.16 ,$226.85 ,$19.87 
11/17/2019,$23.81 ,$223.94 ,$19.97 
11/18/2019,$26.78 ,$213.44 ,$18.94 
11/19/2019,$20.24 ,$216.86 ,$18.52 
11/20/2019,$15.83 ,$216.18 ,$17.82 
11/21/2019,$20.86 ,$195.65 ,$15.71 
11/22/2019,$23.79 ,$183.21 ,$14.42 
11/23/2019,$23.23 ,$186.03 ,$14.73 
11/24/2019,$19.23 ,$180.44 ,$13.42 
11/25/2019,$16.82 ,$185.79 ,$13.82 
11/26/2019,$14.22 ,$190.46 ,$14.10 
11/27/2019,$21.64 ,$192.00 ,$15.32 
11/28/2019,$22.32 ,$189.22 ,$15.04 
11/29/2019,$17.70 ,$202.26 ,$16.18 
11/30/2019,$17.37 ,$197.08 ,$15.43 
12/1/2019,$22.11 ,$188.32 ,$14.88 
12/2/2019,$23.13 ,$184.45 ,$14.50 
12/3/2019,$20.07 ,$187.46 ,$14.49 
12/4/2019,$21.02 ,$184.71 ,$14.25 
12/5/2019,$17.28 ,$195.34 ,$15.18 
12/6/2019,$20.95 ,$194.43 ,$15.56 
12/7/2019,$20.58 ,$195.03 ,$15.59 
12/8/2019,$15.47 ,$200.54 ,$15.64 
12/9/2019,$17.20 ,$194.09 ,$15.00 
12/10/2019,$23.54 ,$184.14 ,$14.51 
12/11/2019,$20.47 ,$185.60 ,$14.29 
12/12/2019,$20.06 ,$186.76 ,$14.39 
12/13/2019,$19.23 ,$188.25 ,$14.48 
12/14/2019,$17.73 ,$185.84 ,$13.95 
12/15/2019,$15.39 ,$188.96 ,$14.06 
12/16/2019,$17.45 ,$180.41 ,$13.17 
12/17/2019,$23.04 ,$165.71 ,$11.93 
12/18/2019,$22.92 ,$184.65 ,$14.50 
12/19/2019,$18.04 ,$186.49 ,$14.08 
12/20/2019,$19.11 ,$185.79 ,$14.13 
12/21/2019,$19.51 ,$184.62 ,$14.03 
12/22/2019,$18.91 ,$194.38 ,$15.28 
12/23/2019,$17.96 ,$190.86 ,$14.67 
12/24/2019,$14.38 ,$193.13 ,$14.49 
12/25/2019,$14.68 ,$192.02 ,$14.38 
12/26/2019,$17.54 ,$188.01 ,$14.22 
12/27/2019,$13.64 ,$193.49 ,$14.44 
12/28/2019,$12.30 ,$195.52 ,$14.53 
12/29/2019,$14.61 ,$196.03 ,$14.91 
12/30/2019,$20.00 ,$187.27 ,$14.46 
12/31/2019,$19.02 ,$185.32 ,$14.06 
1/1/2020,$12.66 ,$179.15 ,$12.35 
1/2/2020,$15.65 ,$170.46 ,$11.57 
1/3/2020,$16.34 ,$179.41 ,$12.89 
1/4/2020,$17.68 ,$179.87 ,$13.13 
1/5/2020,$15.02 ,$182.42 ,$13.12 
1/6/2020,$18.23 ,$188.79 ,$14.42 
1/7/2020,$17.62 ,$199.96 ,$15.86 
1/8/2020,$13.45 ,$201.89 ,$15.55 
1/9/2020,$15.16 ,$194.78 ,$14.82 
1/10/2020,$16.71 ,$200.81 ,$15.85 
1/11/2020,$16.30 ,$197.62 ,$15.36 
1/12/2020,$15.86 ,$202.22 ,$15.93 
1/13/2020,$14.83 ,$202.25 ,$15.79 
1/14/2020,$16.26 ,$203.37 ,$16.14 
1/15/2020,$16.34 ,$202.77 ,$16.07 
1/16/2020,$16.66 ,$200.38 ,$15.79 
1/17/2020,$17.48 ,$204.67 ,$16.48 
1/18/2020,$15.43 ,$207.06 ,$16.53 
1/19/2020,$18.73 ,$197.87 ,$15.73 
1/20/2020,$19.91 ,$195.48 ,$15.56 
1/21/2020,$15.92 ,$201.67 ,$15.86 
1/22/2020,$16.06 ,$199.91 ,$15.64 
1/23/2020,$17.47 ,$191.68 ,$14.71 
1/24/2020,$18.06 ,$192.05 ,$14.84 
1/25/2020,$14.41 ,$193.77 ,$14.58 
1/26/2020,$17.38 ,$196.50 ,$15.36 
1/27/2020,$15.97 ,$205.70 ,$16.42 
1/28/2020,$13.92 ,$208.53 ,$16.52 
1/29/2020,$19.12 ,$202.33 ,$16.39 
1/30/2020,$20.71 ,$205.31 ,$17.01 
1/31/2020,$18.70 ,$203.56 ,$16.50 
2/1/2020,$15.07 ,$208.19 ,$16.63 
2/2/2020,$9.71 ,$212.40 ,$16.48 
2/3/2020,$10.58 ,$210.32 ,$16.31 
2/4/2020,$13.89 ,$204.34 ,$15.95 
2/5/2020,$21.36 ,$207.15 ,$17.35 
2/6/2020,$22.02 ,$209.25 ,$17.72 
2/7/2020,$17.89 ,$214.82 ,$17.92 
2/8/2020,$15.58 ,$218.94 ,$18.17 
2/9/2020,$11.64 ,$228.89 ,$18.98 
2/10/2020,$18.80 ,$215.70 ,$18.16 
2/11/2020,$19.95 ,$221.36 ,$19.09 
2/12/2020,$20.05 ,$224.04 ,$19.47 
2/13/2020,$20.57 ,$220.75 ,$19.09 
2/14/2020,$20.36 ,$223.20 ,$19.40 
2/15/2020,$17.71 ,$216.19 ,$18.08 
2/16/2020,$17.36 ,$217.76 ,$18.25 
2/17/2020,$15.92 ,$213.12 ,$17.42 
2/18/2020,$16.08 ,$223.86 ,$18.90 
2/19/2020,$23.65 ,$204.18 ,$17.25 
2/20/2020,$19.00 ,$208.44 ,$17.20 
2/21/2020,$27.21 ,$201.94 ,$17.43 
2/22/2020,$18.00 ,$210.44 ,$17.34 
2/23/2020,$14.01 ,$220.58 ,$18.18 
2/24/2020,$16.99 ,$211.09 ,$17.29 
2/25/2020,$16.04 ,$205.82 ,$16.44 
2/26/2020,$21.74 ,$187.73 ,$14.75 
2/27/2020,$20.70 ,$187.88 ,$14.63 
2/28/2020,$20.49 ,$185.77 ,$14.32 
2/29/2020,$12.00 ,$192.50 ,$14.08 
3/1/2020,$13.45 ,$189.82 ,$13.91 
3/2/2020,$19.75 ,$190.70 ,$14.89 
3/3/2020,$18.24 ,$190.47 ,$14.65 
3/4/2020,$15.19 ,$192.34 ,$14.49 
3/5/2020,$16.19 ,$199.30 ,$15.57 
3/6/2020,$15.68 ,$200.82 ,$15.71 
3/7/2020,$12.65 ,$198.85 ,$15.03 
3/8/2020,$12.37 ,$180.15 ,$12.45 
3/9/2020,$17.04 ,$158.78 ,$10.17 
3/10/2020,$20.15 ,$155.65 ,$10.17 
3/11/2020,$21.09 ,$154.64 ,$10.16 
3/12/2020,$23.26 ,$84.68 ,$0.93 
3/13/2020,$19.18 ,$104.01 ,$3.01 
3/14/2020,$30.16 ,$85.23 ,$1.94 
3/15/2020,$24.67 ,$95.06 ,$2.53 
3/16/2020,$29.65 ,$81.72 ,$1.40 
3/17/2020,$24.90 ,$91.42 ,$2.07 
3/18/2020,$21.64 ,$94.69 ,$2.07 
3/19/2020,$20.69 ,$116.86 ,$4.96 
3/20/2020,$19.47 ,$117.92 ,$4.94 
3/21/2020,$26.70 ,$110.39 ,$4.90 
3/22/2020,$22.00 ,$107.56 ,$3.87 
3/23/2020,$22.69 ,$120.15 ,$5.68 
3/24/2020,$57.66 ,$91.86 ,$6.59 
3/25/2020,$35.52 ,$112.77 ,$6.42 
3/26/2020,$28.43 ,$149.11 ,$10.41 
3/27/2020,$22.38 ,$148.61 ,$9.51 
3/28/2020,$18.83 ,$146.10 ,$8.69 
3/29/2020,$19.71 ,$136.97 ,$7.57 
3/30/2020,$16.47 ,$153.90 ,$9.43 
3/31/2020,$32.19 ,$138.07 ,$9.41 
4/1/2020,$13.86 ,$160.25 ,$9.94 
4/2/2020,$13.58 ,$165.97 ,$10.68 
4/3/2020,$15.63 ,$162.37 ,$10.47 
4/4/2020,$21.92 ,$159.31 ,$10.91 
4/5/2020,$15.81 ,$163.73 ,$10.68 
4/6/2020,$15.86 ,$175.68 ,$12.31 
4/7/2020,$23.65 ,$165.88 ,$12.04 
4/8/2020,$67.46 ,$115.80 ,$11.18 
4/9/2020,$20.64 ,$161.76 ,$11.07 
4/10/2020,$14.39 ,$157.06 ,$9.58 
4/11/2020,$12.95 ,$158.24 ,$9.54 
4/12/2020,$12.02 ,$162.82 ,$10.04 
4/13/2020,$17.89 ,$153.12 ,$9.52 
4/14/2020,$21.15 ,$149.76 ,$9.50 
4/15/2020,$17.99 ,$147.99 ,$8.83 
4/16/2020,$9.41 ,$168.12 ,$10.40 
4/17/2020,$16.45 ,$160.89 ,$10.38 
4/18/2020,$14.55 ,$166.82 ,$10.93 
4/19/2020,$20.96 ,$158.69 ,$10.69 
4/20/2020,$31.70 ,$140.24 ,$9.64 
4/21/2020,$20.09 ,$138.35 ,$7.81 
4/22/2020,$14.84 ,$149.15 ,$8.56 
4/23/2020,$32.02 ,$139.14 ,$9.54 
4/24/2020,$19.91 ,$153.99 ,$9.91 
4/25/2020,$19.82 ,$154.54 ,$9.97 
4/26/2020,$14.31 ,$162.62 ,$10.32 
4/27/2020,$15.37 ,$164.19 ,$10.68 
4/28/2020,$22.59 ,$157.26 ,$10.72 
4/29/2020,$17.52 ,$185.22 ,$13.84 
4/30/2020,$17.77 ,$181.66 ,$13.39 
5/1/2020,$13.52 ,$190.47 ,$14.01 
5/2/2020,$14.30 ,$192.68 ,$14.42 
5/3/2020,$28.36 ,$176.62 ,$14.14 
5/4/2020,$26.67 ,$178.70 ,$14.20 
5/5/2020,$17.74 ,$187.42 ,$14.17 
5/6/2020,$19.69 ,$191.53 ,$14.99 
5/7/2020,$14.38 ,$213.48 ,$17.26 
5/8/2020,$16.22 ,$208.72 ,$16.86 
5/9/2020,$17.96 ,$200.95 ,$16.04 
5/10/2020,$15.95 ,$184.04 ,$13.46 
5/11/2020,$15.45 ,$180.86 ,$12.96 
5/12/2020,$18.21 ,$82.24 ,$13.59 
5/13/2020,$17.85 ,$88.01 ,$15.06 
5/14/2020,$18.87 ,$92.33 ,$16.51 
5/15/2020,$17.81 ,$88.62 ,$15.22 
5/16/2020,$18.88 ,$88.16 ,$15.38 
5/17/2020,$21.44 ,$88.93 ,$16.29 
5/18/2020,$19.99 ,$91.06 ,$16.47 
5/19/2020,$28.84 ,$82.14 ,$16.45 
5/20/2020,$19.99 ,$95.63 ,$17.72 
5/21/2020,$18.34 ,$91.95 ,$16.27 
5/22/2020,$17.90 ,$93.60 ,$16.60 
5/23/2020,$15.01 ,$96.85 ,$16.69 
5/24/2020,$13.68 ,$93.09 ,$15.31 
5/25/2020,$15.93 ,$92.26 ,$15.70 
5/26/2020,$17.68 ,$89.54 ,$15.43 
5/27/2020,$19.22 ,$92.23 ,$16.58 
5/28/2020,$18.26 ,$97.36 ,$17.72 
5/29/2020,$19.70 ,$94.93 ,$17.45 
5/30/2020,$16.91 ,$100.83 ,$18.30 
5/31/2020,$17.13 ,$97.64 ,$17.49 
6/1/2020,$19.27 ,$104.22 ,$19.86 
6/2/2020,$18.85 ,$96.89 ,$17.75 
6/3/2020,$22.50 ,$94.63 ,$18.13 
6/4/2020,$24.64 ,$106.58 ,$21.97 
6/5/2020,$21.47 ,$107.93 ,$21.47 
6/6/2020,$20.61 ,$108.56 ,$21.41 
6/7/2020,$22.11 ,$108.53 ,$21.81 
6/8/2020,$50.01 ,$80.77 ,$21.85 
6/9/2020,$22.12 ,$109.00 ,$21.94 
6/10/2020,$19.66 ,$112.46 ,$22.21 
6/11/2020,$16.01 ,$108.80 ,$20.22 
6/12/2020,$16.83 ,$110.09 ,$20.80 
6/13/2020,$16.09 ,$110.73 ,$20.77 
6/14/2020,$16.45 ,$109.19 ,$20.45 
6/15/2020,$18.32 ,$108.23 ,$20.69 
6/16/2020,$17.28 ,$93.82 ,$16.49 
6/17/2020,$14.91 ,$95.52 ,$16.31 
6/18/2020,$15.44 ,$94.17 ,$16.08 
6/19/2020,$17.26 ,$90.77 ,$15.65 
6/20/2020,$17.16 ,$91.55 ,$15.84 
6/21/2020,$15.93 ,$92.38 ,$15.73 
6/22/2020,$16.42 ,$95.94 ,$16.83 
6/23/2020,$17.29 ,$94.83 ,$16.77 
6/24/2020,$17.41 ,$90.99 ,$15.75 
6/25/2020,$15.81 ,$92.08 ,$15.61 
6/26/2020,$14.72 ,$92.01 ,$15.30 
6/27/2020,$14.09 ,$91.30 ,$14.93 
6/28/2020,$12.65 ,$93.97 ,$15.27 
6/29/2020,$14.83 ,$92.31 ,$15.41 
6/30/2020,$17.36 ,$89.06 ,$15.21 
7/1/2020,$24.42 ,$83.04 ,$15.50 
7/2/2020,$24.80 ,$81.44 ,$15.17 
7/3/2020,$24.18 ,$81.64 ,$15.05 
7/4/2020,$23.56 ,$82.60 ,$15.14 
7/5/2020,$23.88 ,$81.81 ,$15.01 
7/6/2020,$20.66 ,$87.58 ,$15.71 
7/7/2020,$20.22 ,$87.55 ,$15.58 
7/8/2020,$20.22 ,$89.54 ,$16.12 
7/9/2020,$20.22 ,$88.02 ,$15.71 
7/10/2020,$26.57 ,$81.48 ,$15.66 
7/11/2020,$30.70 ,$76.91 ,$15.54 
7/12/2020,$37.20 ,$70.83 ,$15.65 
7/13/2020,$23.45 ,$74.50 ,$12.91 
7/14/2020,$19.28 ,$78.67 ,$12.91 
7/15/2020,$19.10 ,$78.31 ,$12.76 
7/16/2020,$21.24 ,$75.58 ,$12.60 
7/17/2020,$18.89 ,$78.07 ,$12.64 
7/18/2020,$20.07 ,$76.98 ,$12.66 
7/19/2020,$20.71 ,$76.63 ,$12.74 
7/20/2020,$20.81 ,$76.45 ,$12.72 
7/21/2020,$19.28 ,$80.06 ,$13.29 
7/22/2020,$21.67 ,$79.27 ,$13.72 
7/23/2020,$28.12 ,$73.40 ,$13.88 
7/24/2020,$33.54 ,$67.53 ,$13.76 
7/25/2020,$18.25 ,$84.30 ,$14.16 
7/26/2020,$17.34 ,$87.64 ,$14.82 
7/27/2020,$19.59 ,$100.68 ,$18.98 
7/28/2020,$20.72 ,$98.31 ,$18.65 
7/29/2020,$19.70 ,$101.39 ,$19.21 
7/30/2020,$22.47 ,$98.86 ,$19.28 
7/31/2020,$23.06 ,$100.58 ,$19.90 
8/1/2020,$24.53 ,$103.85 ,$21.19 
8/2/2020,$23.55 ,$97.11 ,$19.09 
8/3/2020,$22.50 ,$100.19 ,$19.64 
8/4/2020,$21.29 ,$100.99 ,$19.53 
8/5/2020,$20.28 ,$107.93 ,$21.15 
8/6/2020,$21.60 ,$106.98 ,$21.25 
8/7/2020,$20.34 ,$106.17 ,$20.68 
8/8/2020,$20.44 ,$107.71 ,$21.13 
8/9/2020,$19.23 ,$108.12 ,$20.91 
8/10/2020,$20.09 ,$108.67 ,$21.30 
8/11/2020,$21.54 ,$102.23 ,$19.94 
8/12/2020,$21.49 ,$104.07 ,$20.43 
8/13/2020,$114.61 ,$13.33 ,$21.07 
8/14/2020,$228.01 ,($100.32),$21.01 
8/15/2020,$100.47 ,$28.21 ,$21.28 
8/16/2020,$48.51 ,$80.50 ,$21.37 
8/17/2020,$33.77 ,$99.09 ,$22.41 
8/18/2020,$33.66 ,$96.37 ,$21.64 
8/19/2020,$26.25 ,$101.28 ,$20.96 
8/20/2020,$24.32 ,$104.55 ,$21.33 
8/21/2020,$23.56 ,$102.05 ,$20.44 
8/22/2020,$26.23 ,$100.55 ,$20.76 
8/23/2020,$23.66 ,$102.89 ,$20.69 
8/24/2020,$28.26 ,$95.05 ,$19.81 
8/25/2020,$33.00 ,$86.08 ,$18.66 
8/26/2020,$24.03 ,$96.23 ,$18.98 
8/27/2020,$35.41 ,$83.13 ,$18.51 
8/28/2020,$38.08 ,$82.73 ,$19.13 
8/29/2020,$51.66 ,$68.86 ,$19.05 
8/30/2020,$30.12 ,$92.49 ,$19.62 
8/31/2020,$34.04 ,$88.29 ,$19.55 
9/1/2020,$23.43 ,$101.87 ,$20.36 
9/2/2020,$24.65 ,$94.88 ,$18.78 
9/3/2020,$22.39 ,$84.79 ,$15.42 
9/4/2020,$22.85 ,$87.20 ,$16.20 
9/5/2020,$22.02 ,$84.44 ,$15.23 
9/6/2020,$20.73 ,$86.89 ,$15.54 
9/7/2020,$19.17 ,$90.71 ,$16.16 
9/8/2020,$17.46 ,$89.90 ,$15.47 
9/9/2020,$17.92 ,$90.62 ,$15.79 
9/10/2020,$20.19 ,$89.63 ,$16.14 
9/11/2020,$19.97 ,$90.25 ,$16.25 
9/12/2020,$21.09 ,$89.56 ,$16.37 
9/13/2020,$20.79 ,$88.61 ,$16.02 
9/14/2020,$20.82 ,$92.36 ,$17.05 
9/15/2020,$26.47 ,$87.94 ,$17.39 
9/16/2020,$26.68 ,$89.62 ,$17.90 
9/17/2020,$21.71 ,$94.31 ,$17.83 
9/18/2020,$18.10 ,$97.88 ,$17.82 
9/19/2020,$15.62 ,$101.94 ,$18.25 
9/20/2020,$13.39 ,$90.71 ,$14.58 
9/21/2020,$14.22 ,$85.35 ,$13.35 
9/22/2020,$14.97 ,$85.32 ,$13.54 
9/23/2020,$15.90 ,$81.42 ,$12.73 
9/24/2020,$17.89 ,$84.37 ,$14.08 
9/25/2020,$16.26 ,$85.59 ,$13.97 
9/26/2020,$14.80 ,$87.55 ,$14.10 
9/27/2020,$16.06 ,$86.48 ,$14.16 
9/28/2020,$13.68 ,$88.35 ,$14.02 
9/29/2020,$16.63 ,$86.61 ,$14.35 
9/30/2020,$16.94 ,$85.72 ,$14.19 
10/1/2020,$14.37 ,$86.73 ,$13.76 
10/2/2020,$13.24 ,$87.41 ,$13.64 
10/3/2020,$12.06 ,$88.33 ,$13.57 
10/4/2020,$16.12 ,$85.49 ,$13.90 
10/5/2020,$13.18 ,$89.62 ,$14.23 
10/6/2020,$20.11 ,$80.89 ,$13.74 
10/7/2020,$21.66 ,$79.96 ,$13.91 
10/8/2020,$19.59 ,$84.38 ,$14.55 
10/9/2020,$19.37 ,$86.02 ,$14.93 
10/10/2020,$35.56 ,$72.04 ,$15.53 
10/11/2020,$23.32 ,$85.11 ,$15.76 
10/12/2020,$29.23 ,$80.83 ,$16.21 
10/13/2020,$23.19 ,$85.64 ,$15.87 
10/14/2020,$20.77 ,$88.09 ,$15.88 
10/15/2020,$19.89 ,$89.60 ,$16.05 
10/16/2020,$20.50 ,$87.34 ,$15.60 
10/17/2020,$13.60 ,$90.80 ,$14.66 
10/18/2020,$26.58 ,$78.97 ,$14.98 
10/19/2020,$37.07 ,$70.86 ,$15.62 
10/20/2020,$22.79 ,$86.74 ,$16.06 
10/21/2020,$23.94 ,$93.93 ,$18.33 
10/22/2020,$23.63 ,$95.55 ,$18.69 
10/23/2020,$23.07 ,$95.77 ,$18.59 
10/24/2020,$23.32 ,$97.21 ,$19.06 
10/25/2020,$17.48 ,$102.24 ,$18.84 
10/26/2020,$18.73 ,$101.43 ,$18.95 
10/27/2020,$32.97 ,$92.39 ,$20.37 
10/28/2020,$38.46 ,$83.55 ,$19.46 
10/29/2020,$27.64 ,$95.98 ,$19.90 
10/30/2020,$30.46 ,$94.25 ,$20.19 
10/31/2020,$26.72 ,$99.93 ,$20.72 
11/1/2020,$27.48 ,$98.56 ,$20.56 
11/2/2020,$32.84 ,$91.79 ,$20.17 
11/3/2020,$19.14 ,$133.21 ,$27.72 
11/4/2020,$21.59 ,$133.09 ,$28.36 
11/5/2020,$30.36 ,$139.97 ,$32.62 
11/6/2020,$31.45 ,$138.84 ,$32.61 
11/7/2020,$19.29 ,$143.29 ,$30.51 
11/8/2020,$17.16 ,$152.40 ,$32.41 
11/9/2020,$22.12 ,$145.80 ,$31.96 
11/10/2020,$39.39 ,$128.02 ,$31.82 
11/11/2020,$33.21 ,$138.62 ,$33.03 
11/12/2020,$30.83 ,$147.44 ,$34.78 
11/13/2020,$31.16 ,$147.44 ,$34.87 
11/14/2020,$22.20 ,$153.81 ,$34.17 
11/15/2020,$22.64 ,$152.13 ,$33.83 
11/16/2020,$24.63 ,$149.91 ,$33.77 
11/17/2020,$21.21 ,$163.34 ,$36.49 
11/18/2020,$15.97 ,$170.09 ,$36.90 
11/19/2020,$15.06 ,$170.85 ,$36.86 
11/20/2020,$18.62 ,$175.93 ,$39.21 
11/21/2020,$20.34 ,$174.81 ,$39.38 
11/22/2020,$19.63 ,$172.64 ,$38.59 
11/23/2020,$16.80 ,$174.78 ,$38.41 
11/24/2020,$12.65 ,$186.67 ,$40.51 
11/25/2020,$19.79 ,$176.22 ,$39.61 
11/26/2020,$17.74 ,$160.95 ,$34.89 
11/27/2020,$18.22 ,$160.37 ,$34.87 
11/28/2020,$22.53 ,$162.51 ,$36.62 
11/29/2020,$18.45 ,$155.67 ,$33.65 
11/30/2020,$22.24 ,$166.68 ,$37.68 
12/1/2020,$21.86 ,$159.14 ,$35.52 
12/2/2020,$17.76 ,$166.43 ,$36.39 
12/3/2020,$23.13 ,$163.37 ,$37.02 
12/4/2020,$22.93 ,$157.04 ,$35.24 
12/5/2020,$22.17 ,$161.45 ,$36.24 
12/6/2020,$19.99 ,$165.49 ,$36.74 
12/7/2020,$23.76 ,$160.45 ,$36.40 
12/8/2020,$20.47 ,$155.38 ,$34.12 
12/9/2020,$17.82 ,$160.31 ,$34.74 
12/10/2020,$16.41 ,$158.91 ,$33.98 
12/11/2020,$18.29 ,$155.18 ,$33.47 
12/12/2020,$19.26 ,$161.12 ,$35.36 
12/13/2020,$17.73 ,$170.79 ,$37.57 
12/14/2020,$23.20 ,$166.28 ,$37.84 
12/15/2020,$20.16 ,$171.07 ,$38.31 
12/16/2020,$26.17 ,$183.97 ,$43.46 
12/17/2020,$22.96 ,$201.42 ,$47.34 
12/18/2020,$18.16 ,$209.05 ,$48.11 
12/19/2020,$21.71 ,$213.11 ,$50.18 
12/20/2020,$22.32 ,$209.53 ,$49.37 
12/21/2020,$21.96 ,$203.25 ,$47.57 
12/22/2020,$16.67 ,$217.24 ,$49.93 
12/23/2020,$16.80 ,$212.39 ,$48.65 
12/24/2020,$22.14 ,$211.83 ,$49.95 
12/25/2020,$22.11 ,$220.95 ,$52.43 
12/26/2020,$17.22 ,$243.09 ,$57.12 
12/27/2020,$17.17 ,$243.61 ,$57.25 
12/28/2020,$20.63 ,$247.18 ,$59.17 
12/29/2020,$16.36 ,$253.68 ,$59.77 
12/30/2020,$17.87 ,$267.01 ,$63.82 
12/31/2020,$25.41 ,$261.07 ,$64.25 
1/1/2021,$20.65 ,$269.44 ,$65.24 
1/2/2021,$19.71 ,$296.84 ,$72.44 
1/3/2021,$17.97 ,$307.55 ,$74.88 
1/4/2021,$19.90 ,$295.66 ,$72.17 
1/5/2021,$19.17 ,$317.53 ,$77.93 
1/6/2021,$15.28 ,$348.89 ,$85.41 
1/7/2021,$20.42 ,$367.39 ,$91.85 
1/8/2021,$24.55 ,$378.38 ,$95.96 
1/9/2021,$21.88 ,$338.37 ,$84.34 
1/10/2021,$27.81 ,$315.37 ,$79.69 
1/11/2021,$32.85 ,$284.72 ,$72.72 
1/12/2021,$26.71 ,$275.48 ,$68.53 
1/13/2021,$20.94 ,$311.95 ,$76.89 
1/14/2021,$20.46 ,$329.12 ,$81.44 
1/15/2021,$22.82 ,$304.82 ,$75.46 
1/16/2021,$25.52 ,$297.43 ,$74.18 
1/17/2021,$23.55 ,$295.54 ,$73.13 
1/18/2021,$19.06 ,$307.78 ,$75.24 
1/19/2021,$19.62 ,$302.14 ,$73.86 
1/20/2021,$24.23 ,$292.90 ,$72.60 
1/21/2021,$20.36 ,$254.53 ,$61.09 
1/22/2021,$22.41 ,$271.98 ,$66.41 
1/23/2021,$20.05 ,$262.92 ,$63.30 
1/24/2021,$18.87 ,$266.19 ,$63.86 
1/25/2021,$15.80 ,$269.92 ,$64.04 
1/26/2021,$21.63 ,$265.88 ,$64.53 
1/27/2021,$22.37 ,$246.31 ,$59.40 
1/28/2021,$24.22 ,$271.13 ,$66.67 
1/29/2021,$20.35 ,$282.58 ,$68.73 
1/30/2021,$13.15 ,$289.25 ,$68.59 
1/31/2021,$19.79 ,$272.46 ,$65.82 
2/1/2021,$24.07 ,$272.02 ,$66.87 
2/2/2021,$21.47 ,$292.10 ,$71.63 
2/3/2021,$20.24 ,$310.35 ,$76.26 
2/4/2021,$17.01 ,$308.93 ,$75.00 
2/5/2021,$23.62 ,$312.90 ,$77.88 
2/6/2021,$23.63 ,$313.15 ,$77.95 
2/7/2021,$20.37 ,$313.25 ,$77.09 
2/8/2021,$23.82 ,$370.50 ,$93.62 
2/9/2021,$26.62 ,$372.19 ,$94.84 
2/10/2021,$32.43 ,$352.49 ,$91.06 
2/11/2021,$50.15 ,$359.87 ,$97.89 
2/12/2021,$141.59 ,$265.60 ,$97.12 
2/13/2021,"$1,185.79 ",($782.16),$96.16 
2/14/2021,"$3,932.75 ","($3,514.72)",$100.08 
2/15/2021,"$6,604.38 ","($6,192.88)",$98.30 
2/16/2021,"$6,938.84 ","($6,517.13)",$101.08 
2/17/2021,"$8,823.14 ","($8,376.03)",$108.00 
2/18/2021,"$8,093.28 ","($7,650.36)",$106.86 
2/19/2021,"$5,281.00 ","($4,809.07)",$114.76 
2/20/2021,$83.55 ,$391.41 ,$115.58 
2/21/2021,$20.32 ,$466.09 ,$118.70 
2/22/2021,$27.06 ,$430.63 ,$110.88 
2/23/2021,$17.63 ,$393.15 ,$98.10 
2/24/2021,$14.51 ,$405.60 ,$100.64 
2/25/2021,$18.75 ,$380.70 ,$95.02 
2/26/2021,$22.01 ,$369.27 ,$92.79 
2/27/2021,$19.70 ,$372.22 ,$92.97 
2/28/2021,$15.78 ,$365.98 ,$90.20 
3/1/2021,$18.97 ,$402.13 ,$100.91 
3/2/2021,$25.56 ,$383.97 ,$97.76 
3/3/2021,$22.69 ,$406.28 ,$103.06 
3/4/2021,$14.76 ,$395.74 ,$98.03 
3/5/2021,$16.00 ,$397.88 ,$98.95 
3/6/2021,$23.11 ,$396.01 ,$100.37 
3/7/2021,$18.07 ,$421.42 ,$105.92 
3/8/2021,$16.63 ,$431.65 ,$108.31 
3/9/2021,$7.57 ,$461.18 ,$113.89 
3/10/2021,$13.10 ,$467.92 ,$117.23 
3/11/2021,$18.98 ,$476.37 ,$121.13 
3/12/2021,$19.94 ,$471.74 ,$120.13 
3/13/2021,$14.52 ,$510.11 ,$129.11 
3/14/2021,$17.04 ,$494.83 ,$125.63 
3/15/2021,$29.25 ,$449.07 ,$116.50 
3/16/2021,$22.92 ,$461.19 ,$118.07 
3/17/2021,$18.28 ,$485.20 ,$123.35 
3/18/2021,$22.32 ,$473.78 ,$121.34 
3/19/2021,$27.71 ,$463.01 ,$119.87 
3/20/2021,$21.39 ,$469.91 ,$120.03 
3/21/2021,$14.83 ,$468.72 ,$117.92 
3/22/2021,$16.51 ,$442.55 ,$111.25 
3/23/2021,$32.61 ,$428.81 ,$111.89 
3/24/2021,$24.37 ,$419.27 ,$107.05 
3/25/2021,$28.81 ,$405.84 ,$104.60 
3/26/2021,$20.74 ,$442.77 ,$112.46 
3/27/2021,$24.33 ,$447.00 ,$114.59 
3/28/2021,$24.16 ,$446.53 ,$114.42 
3/29/2021,$18.01 ,$467.62 ,$118.49 
3/30/2021,$22.69 ,$472.76 ,$121.16 
3/31/2021,$21.03 ,$474.57 ,$121.20 
4/1/2021,$22.94 ,$474.04 ,$121.58 
4/2/2021,$15.13 ,$456.70 ,$114.73 
4/3/2021,$18.86 ,$439.07 ,$110.94 
4/4/2021,$22.17 ,$444.58 ,$113.35 
4/5/2021,$18.15 ,$449.76 ,$113.66 
4/6/2021,$11.71 ,$450.99 ,$112.24 
4/7/2021,$35.93 ,$410.69 ,$107.86 
4/8/2021,$63.59 ,$399.73 ,$112.41 
4/9/2021,$21.96 ,$440.76 ,$112.25 
4/10/2021,$27.34 ,$447.68 ,$115.60 
4/11/2021,$30.71 ,$447.75 ,$116.53 
4/12/2021,$28.79 ,$447.20 ,$115.86 
4/13/2021,$35.08 ,$470.21 ,$123.84 
4/14/2021,$60.45 ,$439.42 ,$122.37 
4/15/2021,$29.26 ,$464.02 ,$120.57 
4/16/2021,$25.79 ,$454.45 ,$117.02 
4/17/2021,$33.14 ,$440.80 ,$115.30 
4/18/2021,$56.16 ,$381.61 ,$105.45 
4/19/2021,$39.31 ,$394.52 ,$104.38 
4/20/2021,$21.65 ,$417.80 ,$105.91 
4/21/2021,$27.16 ,$392.67 ,$100.57 
4/22/2021,$20.08 ,$383.89 ,$96.25 
4/23/2021,$20.50 ,$377.24 ,$94.55 
4/24/2021,$50.01 ,$339.87 ,$92.41 
4/25/2021,$18.60 ,$363.64 ,$90.33 
4/26/2021,$18.64 ,$402.31 ,$100.87 
4/27/2021,$20.08 ,$408.48 ,$102.94 
4/28/2021,$33.12 ,$393.97 ,$102.54 
4/29/2021,$28.24 ,$389.23 ,$99.92 
4/30/2021,$31.81 ,$418.52 ,$108.87 
5/1/2021,$34.06 ,$481.56 ,$126.66 
5/2/2021,$23.76 ,$481.17 ,$123.74 
5/3/2021,$33.51 ,$476.66 ,$125.17 
5/4/2021,$26.95 ,$448.73 ,$115.78 
5/5/2021,$24.49 ,$487.68 ,$125.71 
5/6/2021,$28.40 ,$475.40 ,$123.43 
5/7/2021,$19.58 ,$492.10 ,$125.58 
5/8/2021,$16.72 ,$507.42 ,$128.98 
5/9/2021,$27.06 ,$492.19 ,$127.64 
5/10/2021,$31.45 ,$466.45 ,$121.83 
5/11/2021,$27.58 ,$478.25 ,$123.99 
5/12/2021,$26.39 ,$418.82 ,$107.48 
5/13/2021,$25.71 ,$339.24 ,$85.62 
5/14/2021,$20.95 ,$345.06 ,$85.91 
5/15/2021,$19.77 ,$323.71 ,$79.78 
5/16/2021,$25.64 ,$314.93 ,$78.98 
5/17/2021,$23.29 ,$295.08 ,$72.94 
5/18/2021,$22.74 ,$292.72 ,$72.14 
5/19/2021,$24.58 ,$248.07 ,$60.48 
5/20/2021,$22.90 ,$274.41 ,$67.20 
5/21/2021,$19.67 ,$253.87 ,$60.73 
5/22/2021,$24.14 ,$252.13 ,$61.47 
5/23/2021,$17.69 ,$238.35 ,$55.96 
5/24/2021,$22.68 ,$261.10 ,$63.52 
5/25/2021,$23.66 ,$256.77 ,$62.60 
5/26/2021,$25.27 ,$262.90 ,$64.71 
5/27/2021,$22.75 ,$260.01 ,$63.24 
5/28/2021,$26.96 ,$234.97 ,$57.56 
5/29/2021,$25.21 ,$228.81 ,$55.41 
5/30/2021,$22.66 ,$288.59 ,$71.00 
5/31/2021,$25.61 ,$300.28 ,$74.98 
6/1/2021,$27.82 ,$292.18 ,$73.38 
6/2/2021,$25.16 ,$303.72 ,$75.80 
6/3/2021,$25.97 ,$316.14 ,$79.40 
6/4/2021,$24.28 ,$298.62 ,$74.17 
6/5/2021,$23.14 ,$287.18 ,$70.74 
6/6/2021,$23.95 ,$288.67 ,$71.37 
6/7/2021,$26.56 ,$266.68 ,$66.09 
6/8/2021,$30.61 ,$261.53 ,$65.79 
6/9/2021,$29.26 ,$296.40 ,$74.92 
6/10/2021,$28.41 ,$292.48 ,$73.62 
6/11/2021,$26.02 ,$299.22 ,$74.81 
6/12/2021,$37.40 ,$272.74 ,$70.69 
6/13/2021,$51.03 ,$308.79 ,$84.23 
6/14/2021,$54.33 ,$319.47 ,$88.03 
6/15/2021,$277.91 ,$93.16 ,$87.29 
6/16/2021,$85.83 ,$267.24 ,$82.39 
6/17/2021,$39.83 ,$311.60 ,$81.94 
6/18/2021,$37.71 ,$291.63 ,$75.92 
6/19/2021,$42.39 ,$286.53 ,$75.81 
6/20/2021,$26.47 ,$302.78 ,$75.90 
6/21/2021,$23.92 ,$267.36 ,$65.56 
6/22/2021,$29.88 ,$269.61 ,$67.79 
6/23/2021,$25.40 ,$284.93 ,$70.75 
6/24/2021,$27.40 ,$291.94 ,$73.20 
6/25/2021,$27.31 ,$264.74 ,$65.77 
6/26/2021,$30.03 ,$264.90 ,$66.55 
6/27/2021,$36.62 ,$282.51 ,$73.14 
6/28/2021,$30.77 ,$286.53 ,$72.64 
6/29/2021,$30.35 ,$300.70 ,$76.39 
6/30/2021,$34.70 ,$288.28 ,$74.19 
7/1/2021,$38.46 ,$271.09 ,$70.53 
7/2/2021,$37.94 ,$274.98 ,$71.45 
7/3/2021,$31.23 ,$412.52 ,$107.08 
7/4/2021,$30.27 ,$421.29 ,$109.21 
7/5/2021,$30.37 ,$402.46 ,$104.11 
7/6/2021,$32.85 ,$404.30 ,$105.28 
7/7/2021,$32.21 ,$401.00 ,$104.21 
7/8/2021,$35.71 ,$384.65 ,$100.71 
7/9/2021,$32.84 ,$400.72 ,$104.31 
7/10/2021,$27.90 ,$401.05 ,$103.05 
7/11/2021,$36.03 ,$402.19 ,$105.58 
7/12/2021,$34.90 ,$389.80 ,$101.89 
7/13/2021,$32.13 ,$385.27 ,$99.91 
7/14/2021,$28.33 ,$391.53 ,$100.58 
7/15/2021,$30.35 ,$374.97 ,$96.61 
7/16/2021,$32.32 ,$369.87 ,$95.76 
7/17/2021,$36.27 ,$387.87 ,$101.74 
7/18/2021,$41.07 ,$386.63 ,$102.71 
7/19/2021,$51.40 ,$363.13 ,$99.12 
7/20/2021,$31.39 ,$369.01 ,$95.27 
7/21/2021,$34.86 ,$397.11 ,$103.87 
7/22/2021,$34.40 ,$400.21 ,$104.59 
7/23/2021,$31.15 ,$419.20 ,$108.88 
7/24/2021,$32.41 ,$428.25 ,$111.69 
7/25/2021,$40.88 ,$432.91 ,$115.26 
7/26/2021,$93.78 ,$409.03 ,$123.17 
7/27/2021,$87.49 ,$441.05 ,$130.17 
7/28/2021,$53.34 ,$484.70 ,$132.76 
7/29/2021,$62.30 ,$475.95 ,$132.82 
7/30/2021,$62.45 ,$503.27 ,$140.30 
7/31/2021,$54.67 ,$473.98 ,$130.20 
8/1/2021,$44.22 ,$464.68 ,$124.83 
8/2/2021,$36.21 ,$460.63 ,$121.54 
8/3/2021,$36.54 ,$447.33 ,$118.01 
8/4/2021,$40.25 ,$464.39 ,$123.67 
8/5/2021,$43.51 ,$474.51 ,$127.31 
8/6/2021,$37.31 ,$505.72 ,$134.12 
8/7/2021,$31.08 ,$535.58 ,$140.55 
8/8/2021,$28.89 ,$526.30 ,$137.43 
8/9/2021,$31.10 ,$555.78 ,$146.06 
8/10/2021,$31.35 ,$546.77 ,$143.68 
8/11/2021,$35.66 ,$542.45 ,$143.67 
8/12/2021,$41.99 ,$521.35 ,$139.65 
8/13/2021,$46.22 ,$518.96 ,$140.15 
8/14/2021,$46.52 ,$509.98 ,$137.79 
8/15/2021,$39.05 ,$517.07 ,$137.68 
8/16/2021,$39.10 ,$504.49 ,$134.27 
8/17/2021,$35.12 ,$493.00 ,$130.06 
8/18/2021,$27.98 ,$501.39 ,$130.40 
8/19/2021,$32.87 ,$519.15 ,$136.57 
8/20/2021,$33.34 ,$549.65 ,$145.00 
8/21/2021,$39.41 ,$538.46 ,$143.61 
8/22/2021,$35.52 ,$547.26 ,$144.95 
8/23/2021,$38.36 ,$547.08 ,$145.67 
8/24/2021,$41.26 ,$523.03 ,$139.91 
8/25/2021,$46.59 ,$464.32 ,$125.37 
8/26/2021,$51.75 ,$438.07 ,$119.63 
8/27/2021,$38.88 ,$472.68 ,$125.55 
8/28/2021,$35.77 ,$474.32 ,$125.15 
8/29/2021,$42.03 ,$468.73 ,$125.33 
8/30/2021,$65.19 ,$426.23 ,$120.06 
8/31/2021,$75.32 ,$417.61 ,$120.47 
9/1/2021,$44.88 ,$463.97 ,$124.81 
9/2/2021,$41.88 ,$473.00 ,$126.45 
9/3/2021,$43.54 ,$478.32 ,$128.35 
9/4/2021,$46.01 ,$475.23 ,$128.19 
9/5/2021,$44.35 ,$495.57 ,$133.27 
9/6/2021,$46.66 ,$502.32 ,$135.74 
9/7/2021,$50.40 ,$416.69 ,$113.44 
9/8/2021,$45.35 ,$414.19 ,$111.38 
9/9/2021,$46.16 ,$416.75 ,$112.30 
9/10/2021,$39.07 ,$408.98 ,$108.25 
9/11/2021,$39.47 ,$411.17 ,$108.96 
9/12/2021,$42.27 ,$417.70 ,$111.50 
9/13/2021,$41.05 ,$408.16 ,$108.57 
9/14/2021,$49.37 ,$420.07 ,$114.08 
9/15/2021,$49.97 ,$430.57 ,$117.10 
9/16/2021,$48.17 ,$428.94 ,$116.17 
9/17/2021,$55.20 ,$415.97 ,$114.55 
9/18/2021,$54.01 ,$427.44 ,$117.35 
9/19/2021,$47.48 ,$424.22 ,$114.69 
9/20/2021,$49.07 ,$379.21 ,$102.87 
9/21/2021,$38.87 ,$354.28 ,$93.30 
9/22/2021,$39.22 ,$382.33 ,$101.04 
9/23/2021,$34.86 ,$399.47 ,$104.52 
9/24/2021,$34.32 ,$379.75 ,$99.00 
9/25/2021,$38.50 ,$375.10 ,$98.87 
9/26/2021,$36.27 ,$382.17 ,$100.19 
9/27/2021,$42.21 ,$366.56 ,$97.55 
9/28/2021,$43.47 ,$353.54 ,$94.35 
9/29/2021,$46.12 ,$355.78 ,$95.68 
9/30/2021,$47.78 ,$375.53 ,$101.51 
10/1/2021,$49.78 ,$415.79 ,$113.02 
10/2/2021,$50.75 ,$411.31 ,$112.07 
10/3/2021,$53.22 ,$413.34 ,$113.29 
10/4/2021,$63.78 ,$389.72 ,$109.74 
10/5/2021,$54.17 ,$422.24 ,$115.98 
10/6/2021,$51.45 ,$460.73 ,$125.72 
10/7/2021,$49.95 ,$446.94 ,$121.55 
10/8/2021,$50.29 ,$447.60 ,$121.83 
10/9/2021,$40.33 ,$468.50 ,$124.81 
10/10/2021,$39.10 ,$466.10 ,$123.82 
10/11/2021,$55.77 ,$474.92 ,$130.76 
10/12/2021,$32.84 ,$485.20 ,$127.31 
10/13/2021,$51.77 ,$478.40 ,$130.62 
10/14/2021,$62.36 ,$467.59 ,$130.56 
10/15/2021,$45.85 ,$523.06 ,$141.17 
10/16/2021,$43.82 ,$518.80 ,$139.46 
10/17/2021,$42.60 ,$526.95 ,$141.34 
10/18/2021,$34.72 ,$532.53 ,$140.72 
10/19/2021,$31.68 ,$556.28 ,$146.36 
10/20/2021,$105.85 ,$498.20 ,$150.74 
10/21/2021,$137.32 ,$433.68 ,$141.74 
10/22/2021,$46.98 ,$508.63 ,$137.54 
10/23/2021,$33.60 ,$527.86 ,$139.14 
10/24/2021,$47.42 ,$509.82 ,$137.99 
10/25/2021,$67.51 ,$508.82 ,$143.19 
10/26/2021,$35.90 ,$517.38 ,$136.91 
10/27/2021,$34.10 ,$502.62 ,$132.40 
10/28/2021,$33.51 ,$520.90 ,$137.22 
10/29/2021,$42.38 ,$527.24 ,$141.36 
10/30/2021,$44.74 ,$520.31 ,$140.12 
10/31/2021,$42.39 ,$478.40 ,$128.06 
11/1/2021,$51.40 ,$466.77 ,$127.35 
11/2/2021,$49.48 ,$486.66 ,$132.24 
11/3/2021,$61.86 ,$472.78 ,$131.83 
11/4/2021,$66.58 ,$454.78 ,$128.22 
11/5/2021,$49.56 ,$469.14 ,$127.49 
11/6/2021,$44.26 ,$477.60 ,$128.35 
11/7/2021,$35.19 ,$501.60 ,$132.42 
11/8/2021,$33.24 ,$540.35 ,$142.44 
11/9/2021,$40.56 ,$527.57 ,$140.96 
11/10/2021,$27.75 ,$522.33 ,$136.04 
11/11/2021,$45.38 ,$504.68 ,$136.03 
11/12/2021,$37.00 ,$508.53 ,$134.80 
11/13/2021,$31.90 ,$515.21 ,$135.23 
11/14/2021,$41.19 ,$488.52 ,$130.49 
11/15/2021,$37.46 ,$479.28 ,$126.96 
11/16/2021,$25.40 ,$463.53 ,$119.39 
11/17/2021,$30.88 ,$458.41 ,$119.48 
11/18/2021,$37.28 ,$423.79 ,$111.80 
11/19/2021,$34.56 ,$436.69 ,$114.57 
11/20/2021,$31.85 ,$452.66 ,$118.18 
11/21/2021,$36.90 ,$438.59 ,$115.72 
11/22/2021,$40.14 ,$416.63 ,$110.63 
11/23/2021,$27.41 ,$439.53 ,$113.40 
11/24/2021,$26.80 ,$436.79 ,$112.48 
11/25/2021,$26.60 ,$451.11 ,$116.33 
11/26/2021,$38.25 ,$397.58 ,$104.92 
11/27/2021,$40.10 ,$402.05 ,$106.65 
11/28/2021,$36.43 ,$434.31 ,$114.43 
11/29/2021,$37.57 ,$438.23 ,$115.81 
11/30/2021,$34.44 ,$433.95 ,$113.79 
12/1/2021,$41.22 ,$429.36 ,$114.39 
12/2/2021,$33.78 ,$430.76 ,$112.74 
12/3/2021,$31.05 ,$411.41 ,$106.73 
12/4/2021,$36.69 ,$366.25 ,$95.97 
12/5/2021,$26.64 ,$378.04 ,$96.44 
12/6/2021,$29.83 ,$385.70 ,$99.40 
12/7/2021,$31.49 ,$384.86 ,$99.62 
12/8/2021,$32.55 ,$383.21 ,$99.46 
12/9/2021,$22.93 ,$371.35 ,$93.61 
12/10/2021,$23.90 ,$365.04 ,$92.16 
12/11/2021,$28.15 ,$346.79 ,$88.34 
12/12/2021,$23.41 ,$357.34 ,$89.92 
12/13/2021,$24.11 ,$331.14 ,$82.98 
12/14/2021,$21.69 ,$346.11 ,$86.40 
12/15/2021,$19.26 ,$351.62 ,$87.24 
12/16/2021,$37.73 ,$324.61 ,$84.91 
12/17/2021,$30.59 ,$321.35 ,$82.08 
12/18/2021,$20.45 ,$336.33 ,$83.40 
12/19/2021,$34.10 ,$321.38 ,$83.04 
12/20/2021,$37.87 ,$318.08 ,$83.17 
12/21/2021,$32.01 ,$339.92 ,$87.52 
12/22/2021,$31.06 ,$338.51 ,$86.88 
12/23/2021,$22.60 ,$363.10 ,$91.27 
12/24/2021,$12.63 ,$373.78 ,$91.47 
12/25/2021,$24.23 ,$359.33 ,$90.69 
12/26/2021,$19.89 ,$364.86 ,$91.01 
12/27/2021,$26.72 ,$356.55 ,$90.61 
12/28/2021,$23.60 ,$337.40 ,$84.54 
12/29/2021,$27.30 ,$324.14 ,$81.94 
12/30/2021,$27.05 ,$330.30 ,$83.55 
12/31/2021,$27.30 ,$323.54 ,$81.78 
1/1/2022,$20.70 ,$339.92 ,$84.44 
1/2/2022,$38.27 ,$320.27 ,$83.87 
1/3/2022,$35.79 ,$316.10 ,$82.07 
1/4/2022,$22.15 ,$325.65 ,$80.95 
1/5/2022,$28.13 ,$301.97 ,$76.13 
1/6/2022,$28.57 ,$298.23 ,$75.23 
1/7/2022,$28.97 ,$285.79 ,$71.95 
1/8/2022,$24.09 ,$290.74 ,$71.97 
1/9/2022,$23.46 ,$292.63 ,$72.31 
1/10/2022,$36.05 ,$279.35 ,$72.13 
1/11/2022,$34.66 ,$287.54 ,$73.98 
1/12/2022,$35.88 ,$295.48 ,$76.47 
1/13/2022,$35.84 ,$285.42 ,$73.72 
1/14/2022,$27.26 ,$297.81 ,$74.76 
1/15/2022,$23.12 ,$302.68 ,$74.96 
1/16/2022,$39.53 ,$285.70 ,$74.80 
1/17/2022,$35.40 ,$283.13 ,$72.98 
1/18/2022,$22.01 ,$297.56 ,$73.26 
1/19/2022,$22.25 ,$292.49 ,$71.95 
1/20/2022,$43.56 ,$263.45 ,$69.84 
1/21/2022,$42.04 ,$209.36 ,$54.70 
1/22/2022,$37.27 ,$204.45 ,$52.06 
1/23/2022,$30.52 ,$219.60 ,$54.35 
1/24/2022,$32.11 ,$220.78 ,$55.10 
1/25/2022,$27.28 ,$227.61 ,$55.65 
1/26/2022,$34.82 ,$219.42 ,$55.47 
1/27/2022,$35.60 ,$220.69 ,$56.03 
1/28/2022,$35.54 ,$225.17 ,$57.23 
1/29/2022,$40.00 ,$223.11 ,$57.89 
1/30/2022,$37.40 ,$224.32 ,$57.51 
1/31/2022,$38.87 ,$226.44 ,$58.48 
2/1/2022,$32.20 ,$235.37 ,$59.10 
2/2/2022,$29.66 ,$225.08 ,$55.61 
2/3/2022,$73.44 ,$181.95 ,$55.78 
2/4/2022,$111.14 ,$174.77 ,$64.10 
2/5/2022,$49.04 ,$236.22 ,$63.92 
2/6/2022,$41.07 ,$251.00 ,$65.77 
2/7/2022,$42.48 ,$260.00 ,$68.61 
2/8/2022,$29.11 ,$274.67 ,$68.96 
2/9/2022,$35.97 ,$269.44 ,$69.41 
2/10/2022,$34.17 ,$265.73 ,$67.91 
2/11/2022,$21.17 ,$270.88 ,$65.77 
2/12/2022,$25.02 ,$265.59 ,$65.38 
2/13/2022,$32.11 ,$258.80 ,$65.46 
2/14/2022,$22.31 ,$271.08 ,$66.13 
2/15/2022,$13.92 ,$293.23 ,$69.88 
2/16/2022,$12.96 ,$289.92 ,$68.72 
2/17/2022,$22.26 ,$244.24 ,$58.81 
2/18/2022,$40.07 ,$223.03 ,$57.88 
2/19/2022,$31.17 ,$232.56 ,$58.06 
2/20/2022,$17.68 ,$235.10 ,$55.07 
2/21/2022,$16.54 ,$226.72 ,$52.48 
2/22/2022,$24.15 ,$227.67 ,$54.81 
2/23/2022,$38.95 ,$206.28 ,$53.02 
2/24/2022,$49.23 ,$202.53 ,$54.80 
2/25/2022,$60.08 ,$197.67 ,$56.43 
2/26/2022,$63.88 ,$192.76 ,$56.12 
2/27/2022,$37.35 ,$210.57 ,$53.75 
2/28/2022,$38.52 ,$245.44 ,$63.56 
3/1/2022,$36.22 ,$255.25 ,$65.61 
3/2/2022,$34.12 ,$254.65 ,$64.87 
3/3/2022,$33.45 ,$249.83 ,$63.38 
3/4/2022,$20.67 ,$240.51 ,$57.36 
3/5/2022,$25.39 ,$237.59 ,$57.85 
3/6/2022,$32.56 ,$223.80 ,$56.05 
3/7/2022,$38.93 ,$214.72 ,$55.31 
3/8/2022,$73.65 ,$184.72 ,$56.60 
3/9/2022,$52.67 ,$227.40 ,$62.50 
3/10/2022,$34.32 ,$228.92 ,$57.92 
3/11/2022,$44.79 ,$214.15 ,$56.75 
3/12/2022,$52.20 ,$207.57 ,$56.98 
3/13/2022,$24.38 ,$228.05 ,$54.98 
3/14/2022,$25.64 ,$238.68 ,$58.22 
3/15/2022,$42.45 ,$219.90 ,$57.68 
3/16/2022,$23.00 ,$251.51 ,$60.99 
3/17/2022,$15.41 ,$258.76 ,$60.90 
3/18/2022,$36.40 ,$243.60 ,$62.49 
3/19/2022,$38.58 ,$243.90 ,$63.16 
3/20/2022,$14.17 ,$261.99 ,$61.44 
3/21/2022,$21.94 ,$253.12 ,$61.14 
3/22/2022,$27.65 ,$255.95 ,$63.47 
3/23/2022,$43.86 ,$243.34 ,$64.45 
3/24/2022,$46.23 ,$248.09 ,$66.39 
3/25/2022,$53.29 ,$243.88 ,$67.16 
3/26/2022,$41.51 ,$256.58 ,$67.41 
3/27/2022,$32.38 ,$281.13 ,$71.61 
3/28/2022,$34.23 ,$280.88 ,$72.05 
3/29/2022,$27.76 ,$290.20 ,$72.82 
3/30/2022,$40.79 ,$274.56 ,$72.11 
3/31/2022,$51.36 ,$241.57 ,$66.01 
4/1/2022,$34.39 ,$263.05 ,$67.24 
4/2/2022,$51.36 ,$243.72 ,$66.59 
4/3/2022,$30.29 ,$268.32 ,$67.55 
4/4/2022,$57.22 ,$242.52 ,$67.86 
4/5/2022,$63.68 ,$229.40 ,$66.05 
4/6/2022,$44.22 ,$233.55 ,$61.88 
4/7/2022,$48.37 ,$231.50 ,$62.45 
4/8/2022,$56.64 ,$215.39 ,$60.32 
4/9/2022,$29.42 ,$245.60 ,$61.13 
4/10/2022,$28.40 ,$243.38 ,$60.25 
4/11/2022,$85.10 ,$168.92 ,$55.41 
4/12/2022,$55.42 ,$202.86 ,$56.57 
4/13/2022,$80.37 ,$184.29 ,$58.31 
4/14/2022,$57.55 ,$202.41 ,$57.03 
4/15/2022,$43.99 ,$220.05 ,$58.14 
4/16/2022,$69.35 ,$193.90 ,$57.92 
4/17/2022,$66.66 ,$192.02 ,$56.68 
4/18/2022,$53.23 ,$212.67 ,$58.65 
4/19/2022,$41.01 ,$229.26 ,$59.84 
4/20/2022,$57.80 ,$211.64 ,$59.61 
4/21/2022,$52.45 ,$211.47 ,$58.11 
4/22/2022,$44.23 ,$214.56 ,$56.71 
4/23/2022,$44.49 ,$212.65 ,$56.26 
4/24/2022,$57.33 ,$199.81 ,$56.26 
4/25/2022,$53.38 ,$210.24 ,$58.02 
4/26/2022,$55.14 ,$192.77 ,$53.75 
4/27/2022,$46.34 ,$195.75 ,$52.16 
4/28/2022,$46.32 ,$198.94 ,$53.03 
4/29/2022,$51.29 ,$186.85 ,$51.08 
4/30/2022,$64.77 ,$167.92 ,$49.60 
5/1/2022,$46.62 ,$190.78 ,$50.88 
5/2/2022,$47.36 ,$190.35 ,$50.97 
5/3/2022,$66.90 ,$166.00 ,$49.66 
5/4/2022,$62.64 ,$182.24 ,$52.92 
5/5/2022,$91.24 ,$134.35 ,$47.67 
5/6/2022,$134.66 ,$87.77 ,$46.81 
5/7/2022,$80.07 ,$139.21 ,$45.95 
5/8/2022,$69.93 ,$139.75 ,$43.34 
5/9/2022,$69.94 ,$117.51 ,$37.28 
5/10/2022,$70.93 ,$111.45 ,$35.90 
5/11/2022,$79.64 ,$90.34 ,$32.52 
5/12/2022,$103.74 ,$67.42 ,$32.84 
5/13/2022,$160.68 ,$11.42 ,$33.10 
5/14/2022,$181.28 ,($4.24),$34.45 
5/15/2022,$223.40 ,($39.30),$36.37 
5/16/2022,$106.39 ,$69.32 ,$34.08 
5/17/2022,$66.93 ,$112.12 ,$34.99 
5/18/2022,$82.56 ,$86.61 ,$32.30 
5/19/2022,$77.10 ,$101.35 ,$34.83 
5/20/2022,$73.70 ,$98.13 ,$33.03 
5/21/2022,$78.45 ,$94.61 ,$33.36 
5/22/2022,$66.01 ,$112.45 ,$34.83 
5/23/2022,$69.02 ,$102.22 ,$32.87 
5/24/2022,$64.39 ,$110.06 ,$33.74 
5/25/2022,$76.48 ,$105.33 ,$35.74 
5/26/2022,$79.85 ,$100.52 ,$35.35 
5/27/2022,$93.76 ,$82.12 ,$34.13 
5/28/2022,$69.87 ,$108.61 ,$34.84 
5/29/2022,$55.01 ,$125.89 ,$35.50 
5/30/2022,$50.93 ,$143.98 ,$39.31 
5/31/2022,$61.68 ,$134.04 ,$39.53 
6/1/2022,$92.91 ,$90.25 ,$36.11 
6/2/2022,$92.13 ,$95.19 ,$37.25 
6/3/2022,$75.53 ,$107.16 ,$35.99 
6/4/2022,$70.06 ,$113.33 ,$36.18 
6/5/2022,$61.48 ,$122.36 ,$36.30 
6/6/2022,$73.40 ,$119.48 ,$38.76 
6/7/2022,$84.42 ,$107.18 ,$38.41 
6/8/2022,$84.04 ,$99.37 ,$36.18 
6/9/2022,$95.30 ,$87.47 ,$36.01 
6/10/2022,$115.98 ,$60.54 ,$34.30 
6/11/2022,$84.22 ,$87.91 ,$33.11 
6/12/2022,$71.58 ,$90.93 ,$30.49 
6/13/2022,$64.43 ,$72.13 ,$23.42 
6/14/2022,$67.00 ,$67.76 ,$22.93 
6/15/2022,$65.66 ,$71.32 ,$23.54 
6/16/2022,$76.61 ,$47.02 ,$19.90 
6/17/2022,$96.36 ,$27.88 ,$20.07 
6/18/2022,$78.21 ,$37.25 ,$17.67 
6/19/2022,$69.85 ,$54.74 ,$20.16 
6/20/2022,$67.49 ,$57.81 ,$20.35 
6/21/2022,$76.78 ,$49.00 ,$20.49 
6/22/2022,$112.36 ,$11.87 ,$20.06 
6/23/2022,$165.37 ,($34.33),$21.92 
6/24/2022,$89.55 ,$42.64 ,$22.23 
6/25/2022,$70.84 ,$62.69 ,$22.60 
6/26/2022,$64.30 ,$66.47 ,$21.84 
6/27/2022,$65.23 ,$63.69 ,$21.34 
6/28/2022,$72.47 ,$53.60 ,$20.56 
6/29/2022,$66.62 ,$58.26 ,$20.24 
6/30/2022,$73.37 ,$49.48 ,$19.69 
7/1/2022,$69.06 ,$51.09 ,$18.95 
7/2/2022,$66.65 ,$52.96 ,$18.81 
7/3/2022,$59.28 ,$60.68 ,$18.90 
7/4/2022,$54.93 ,$70.95 ,$20.51 
7/5/2022,$59.35 ,$66.07 ,$20.39 
7/6/2022,$58.24 ,$71.40 ,$21.54 
7/7/2022,$89.10 ,$47.38 ,$23.40 
7/8/2022,$141.55 ,($3.96),$23.70 
7/9/2022,$118.82 ,$17.30 ,$23.30 
7/10/2022,$160.10 ,($28.60),$22.04 
7/11/2022,$447.87 ,($321.82),$20.56 
7/12/2022,$100.28 ,$21.54 ,$19.41 
7/13/2022,$202.40 ,($75.06),$20.91 
7/14/2022,$169.98 ,($40.26),$21.56 
7/15/2022,$120.37 ,$10.95 ,$22.00 
7/16/2022,$108.73 ,$24.92 ,$22.63 
7/17/2022,$128.40 ,$2.90 ,$21.99 
7/18/2022,$283.46 ,($142.29),$24.68 
7/19/2022,$155.68 ,($8.16),$26.41 
7/20/2022,$166.70 ,($19.68),$26.27 
7/21/2022,$84.24 ,$69.47 ,$28.09 
7/22/2022,$89.34 ,$61.44 ,$27.30 
7/23/2022,$75.23 ,$73.98 ,$26.87 
7/24/2022,$73.27 ,$76.91 ,$27.13 
7/25/2022,$87.67 ,$54.29 ,$24.89 
7/26/2022,$85.47 ,$55.34 ,$24.58 
7/27/2022,$89.90 ,$62.14 ,$27.64 
7/28/2022,$100.71 ,$57.53 ,$29.32 
7/29/2022,$96.97 ,$61.10 ,$29.28 
7/30/2022,$85.29 ,$71.74 ,$29.00 
7/31/2022,$79.78 ,$75.15 ,$28.42 
8/1/2022,$81.98 ,$72.80 ,$28.38 
8/2/2022,$69.49 ,$83.05 ,$27.77 
8/3/2022,$78.12 ,$73.57 ,$27.54 
8/4/2022,$128.36 ,$19.35 ,$26.46 
8/5/2022,$97.28 ,$54.39 ,$27.54 
8/6/2022,$71.78 ,$78.06 ,$27.04 
8/7/2022,$73.88 ,$77.30 ,$27.40 
8/8/2022,$107.53 ,$47.75 ,$28.52 
8/9/2022,$120.83 ,$30.35 ,$27.40 
8/10/2022,$155.62 ,$0.52 ,$28.76 
8/11/2022,$120.22 ,$36.08 ,$28.80 
8/12/2022,$104.73 ,$54.49 ,$29.59 
8/13/2022,$107.08 ,$52.31 ,$29.64 
8/14/2022,$93.93 ,$64.77 ,$29.45 
8/15/2022,$85.53 ,$72.01 ,$29.13 
8/16/2022,$140.34 ,$15.53 ,$28.68 
8/17/2022,$229.17 ,($77.04),$27.66 
8/18/2022,$86.45 ,$64.07 ,$27.22 
8/19/2022,$87.40 ,$47.99 ,$23.10 
8/20/2022,$75.36 ,$61.88 ,$23.61 
8/21/2022,$70.02 ,$69.64 ,$24.27 
8/22/2022,$72.82 ,$65.74 ,$23.97 
8/23/2022,$81.27 ,$58.29 ,$24.24 
8/24/2022,$88.54 ,$50.20 ,$24.02 
8/25/2022,$107.80 ,$32.26 ,$24.38 
8/26/2022,$99.96 ,$31.22 ,$21.96 
8/27/2022,$84.08 ,$45.97 ,$21.65 
8/28/2022,$78.85 ,$48.54 ,$20.93 
8/29/2022,$90.26 ,$41.25 ,$22.05 
8/30/2022,$90.36 ,$37.95 ,$21.17 
8/31/2022,$89.21 ,$29.73 ,$18.62 
9/1/2022,$86.07 ,$33.28 ,$18.74 
9/2/2022,$88.27 ,$30.08 ,$18.46 
9/3/2022,$77.24 ,$40.34 ,$18.25 
9/4/2022,$75.43 ,$43.12 ,$18.52 
9/5/2022,$72.98 ,$44.70 ,$18.28 
9/6/2022,$81.87 ,$29.98 ,$16.69 
9/7/2022,$83.50 ,$30.96 ,$17.40 
9/8/2022,$89.39 ,$25.30 ,$17.47 
9/9/2022,$72.53 ,$54.25 ,$20.76 
9/10/2022,$69.33 ,$59.30 ,$21.26 
9/11/2022,$67.72 ,$61.44 ,$21.41 
9/12/2022,$70.22 ,$62.31 ,$22.32 
9/13/2022,$68.52 ,$47.29 ,$17.77 
9/14/2022,$62.37 ,$53.81 ,$17.87 
9/15/2022,$64.66 ,$48.41 ,$17.03 
9/16/2022,$64.66 ,$48.65 ,$17.09 
9/17/2022,$57.85 ,$57.63 ,$17.68 
9/18/2022,$65.49 ,$45.87 ,$16.56 
9/19/2022,$83.15 ,$29.06 ,$16.79 
9/20/2022,$78.99 ,$29.33 ,$15.73 
9/21/2022,$86.82 ,$19.50 ,$15.19 
9/22/2022,$105.30 ,$6.09 ,$16.57 
9/23/2022,$65.02 ,$45.71 ,$16.39 
9/24/2022,$54.70 ,$53.97 ,$15.83 
9/25/2022,$53.93 ,$53.88 ,$15.59 
9/26/2022,$51.71 ,$58.45 ,$16.23 
9/27/2022,$46.97 ,$62.67 ,$16.09 
9/28/2022,$47.27 ,$66.61 ,$17.25 
9/29/2022,$49.10 ,$65.44 ,$17.43 
9/30/2022,$45.29 ,$68.72 ,$17.28 
10/1/2022,$37.74 ,$75.44 ,$17.05 
10/2/2022,$39.68 ,$71.96 ,$16.64 
10/3/2022,$47.54 ,$67.48 ,$17.55 
10/4/2022,$47.36 ,$71.84 ,$18.69 
10/5/2022,$50.80 ,$67.40 ,$18.42 
10/6/2022,$60.48 ,$56.46 ,$18.08 
10/7/2022,$60.72 ,$53.84 ,$17.43 
10/8/2022,$54.05 ,$59.73 ,$17.22 
10/9/2022,$54.80 ,$59.16 ,$17.27 
10/10/2022,$52.69 ,$46.11 ,$13.14 
10/11/2022,$45.97 ,$52.36 ,$13.01 
10/12/2022,$79.39 ,$19.49 ,$13.16 
10/13/2022,$58.98 ,$41.08 ,$13.48 
10/14/2022,$50.21 ,$48.82 ,$13.20 
10/15/2022,$53.50 ,$44.92 ,$13.03 
10/16/2022,$54.96 ,$44.49 ,$13.31 
10/17/2022,$52.50 ,$48.42 ,$13.72 
10/18/2022,$54.46 ,$45.36 ,$13.42 
10/19/2022,$50.75 ,$48.03 ,$13.13 
10/20/2022,$49.16 ,$49.17 ,$13.01 
10/21/2022,$34.83 ,$64.15 ,$13.19 
10/22/2022,$27.11 ,$72.03 ,$13.23 
10/23/2022,$26.28 ,$71.37 ,$12.83 
10/24/2022,$36.30 ,$60.22 ,$12.52 
10/25/2022,$48.09 ,$52.21 ,$13.55 
10/26/2022,$33.99 ,$69.69 ,$14.47 
10/27/2022,$33.99 ,$67.23 ,$13.80 
10/28/2022,$37.25 ,$65.55 ,$14.23 
10/29/2022,$51.85 ,$52.03 ,$14.52 
10/30/2022,$53.95 ,$49.01 ,$14.27 
10/31/2022,$52.07 ,$50.22 ,$14.09 
11/1/2022,$39.29 ,$62.92 ,$14.07 
11/2/2022,$28.30 ,$72.31 ,$13.63 
11/3/2022,$22.85 ,$77.97 ,$13.69 
11/4/2022,$31.54 ,$73.99 ,$14.97 
11/5/2022,$21.62 ,$84.55 ,$15.14 
11/6/2022,$23.01 ,$81.45 ,$14.68 
11/7/2022,$40.44 ,$62.52 ,$14.27 
11/8/2022,$36.91 ,$55.76 ,$11.47 
11/9/2022,$28.59 ,$50.73 ,$7.83 
11/10/2022,$69.62 ,$18.24 ,$10.16 
11/11/2022,$35.42 ,$49.62 ,$9.39 
11/12/2022,$46.97 ,$37.02 ,$9.10 
11/13/2022,$32.31 ,$49.37 ,$8.47 
11/14/2022,$39.24 ,$43.88 ,$8.87 
11/15/2022,$62.34 ,$21.94 ,$9.18 
11/16/2022,$66.49 ,$16.77 ,$8.91 
11/17/2022,$50.04 ,$33.33 ,$8.94 
11/18/2022,$49.11 ,$34.31 ,$8.95 
11/19/2022,$65.28 ,$18.25 ,$8.98 
11/20/2022,$57.14 ,$23.73 ,$8.26 
11/21/2022,$59.15 ,$19.29 ,$7.59 
11/22/2022,$44.46 ,$35.87 ,$8.11 
11/23/2022,$39.74 ,$42.79 ,$8.71 
11/24/2022,$40.47 ,$41.90 ,$8.66 
11/25/2022,$47.91 ,$34.15 ,$8.58 
11/26/2022,$46.29 ,$35.49 ,$8.50 
11/27/2022,$53.07 ,$28.61 ,$8.47 
11/28/2022,$43.75 ,$36.79 ,$8.17 
11/29/2022,$36.56 ,$45.11 ,$8.47 
11/30/2022,$48.44 ,$36.85 ,$9.46 
12/1/2022,$48.19 ,$36.03 ,$9.17 
12/2/2022,$34.85 ,$49.63 ,$9.24 
12/3/2022,$43.22 ,$40.94 ,$9.15 
12/4/2022,$40.60 ,$44.38 ,$9.37 
12/5/2022,$32.41 ,$58.70 ,$11.04 
12/6/2022,$37.39 ,$53.85 ,$11.08 
12/7/2022,$40.07 ,$50.28 ,$10.84 
12/8/2022,$42.41 ,$49.84 ,$11.35 
12/9/2022,$40.70 ,$51.26 ,$11.27 
12/10/2022,$41.62 ,$50.26 ,$11.25 
12/11/2022,$40.33 ,$51.64 ,$11.28 
12/12/2022,$32.88 ,$59.34 ,$11.35 
12/13/2022,$32.88 ,$62.47 ,$12.20 
12/14/2022,$45.46 ,$50.25 ,$12.30 
12/15/2022,$48.72 ,$44.69 ,$11.67 
12/16/2022,$48.25 ,$42.14 ,$10.85 
12/17/2022,$43.42 ,$46.31 ,$10.67 
12/18/2022,$38.89 ,$51.05 ,$10.72 
12/19/2022,$40.88 ,$45.34 ,$9.71 
12/20/2022,$44.76 ,$42.99 ,$10.13 
12/21/2022,$34.05 ,$53.25 ,$10.00 
12/22/2022,$51.04 ,$36.25 ,$10.00 
12/23/2022,$219.15 ,($131.76),$10.03 
12/24/2022,$649.01 ,($561.52),$10.06 
12/25/2022,$51.83 ,$35.66 ,$10.06 
12/26/2022,$41.41 ,$46.09 ,$10.06 
12/27/2022,$32.49 ,$54.28 ,$9.86 
12/28/2022,$17.05 ,$68.81 ,$9.61 
12/29/2022,$21.73 ,$64.53 ,$9.72 
12/30/2022,$27.95 ,$58.23 ,$9.70 
12/31/2022,$14.54 ,$71.72 ,$9.72 
1/1/2023,$15.29 ,$70.89 ,$9.70 
1/2/2023,$13.44 ,$73.64 ,$9.95 
1/3/2023,$19.20 ,$70.63 ,$10.70 
1/4/2023,$22.17 ,$68.52 ,$10.93 
1/5/2023,$30.27 ,$60.55 ,$10.96 
1/6/2023,$19.26 ,$72.00 ,$11.09 
1/7/2023,$25.40 ,$65.92 ,$11.10 
1/8/2023,$25.33 ,$66.09 ,$11.13 
1/9/2023,$23.99 ,$68.64 ,$11.46 
1/10/2023,$19.86 ,$74.31 ,$11.88 
1/11/2023,$16.41 ,$78.27 ,$12.01 
1/12/2023,$22.34 ,$79.18 ,$13.88 
1/13/2023,$32.57 ,$74.25 ,$15.32 
1/14/2023,$15.56 ,$97.14 ,$16.92 
1/15/2023,$9.03 ,$93.20 ,$14.07 
1/16/2023,$19.45 ,$83.89 ,$14.37 
1/17/2023,$29.20 ,$75.03 ,$14.62 
1/18/2023,$18.10 ,$83.50 ,$13.90 
1/19/2023,$27.00 ,$75.39 ,$14.12 
1/20/2023,$17.28 ,$91.85 ,$15.95 
1/21/2023,$21.98 ,$91.48 ,$17.13 
1/22/2023,$27.19 ,$83.28 ,$16.32 
1/23/2023,$21.10 ,$91.36 ,$16.86 
1/24/2023,$29.81 ,$82.19 ,$16.73 
1/25/2023,$30.04 ,$85.35 ,$17.66 
1/26/2023,$27.57 ,$85.29 ,$16.97 
1/27/2023,$18.13 ,$94.79 ,$16.98 
1/28/2023,$12.79 ,$99.72 ,$16.87 
1/29/2023,$19.15 ,$92.01 ,$16.50 
1/30/2023,$39.03 ,$67.22 ,$15.17 
1/31/2023,$77.81 ,$29.39 ,$15.43 
2/1/2023,$72.69 ,$37.93 ,$16.36 
2/2/2023,$37.95 ,$71.63 ,$16.07 
2/3/2023,$28.81 ,$80.42 ,$15.98 
2/4/2023,$17.75 ,$91.63 ,$16.02 
2/5/2023,$16.60 ,$90.38 ,$15.37 
2/6/2023,$9.32 ,$97.72 ,$15.38 
2/7/2023,$10.49 ,$97.88 ,$15.74 
2/8/2023,$19.41 ,$87.83 ,$15.44 
2/9/2023,$17.20 ,$84.90 ,$14.04 
2/10/2023,$23.14 ,$77.48 ,$13.63 
2/11/2023,$25.57 ,$76.39 ,$14.00 
2/12/2023,$17.75 ,$84.31 ,$14.03 
2/13/2023,$18.87 ,$82.67 ,$13.88 
2/14/2023,$10.41 ,$94.05 ,$14.68 
2/15/2023,$14.94 ,$98.56 ,$17.14 
2/16/2023,$14.94 ,$100.24 ,$17.60 
2/17/2023,$30.15 ,$84.80 ,$17.54 
2/18/2023,$18.71 ,$96.87 ,$17.71 
2/19/2023,$14.43 ,$100.80 ,$17.61 
2/20/2023,$14.43 ,$101.84 ,$17.90 
2/21/2023,$13.90 ,$99.70 ,$17.17 
2/22/2023,$13.97 ,$97.78 ,$16.67 
2/23/2023,$17.22 ,$94.87 ,$16.76 
2/24/2023,$21.10 ,$87.35 ,$15.77 
2/25/2023,$25.20 ,$72.74 ,$12.90 
2/26/2023,$15.74 ,$84.85 ,$13.63 
2/27/2023,$19.08 ,$80.76 ,$13.42 
2/28/2023,$19.57 ,$80.48 ,$13.48 
