Date ,Trend,Index,Pulse Score 
12/29/2017,100,100,100
1/2/2018,103.9434603,102.096204,104.5035399
1/3/2018,106.0946517,107.3809019,105.1640153
1/4/2018,106.2223281,108.2320405,107.4599565
1/5/2018,109.6758506,114.6095858,108.6345821
1/8/2018,108.171589,112.5666302,120.3340371
1/9/2018,111.7737306,118.8387939,121.1895919
1/10/2018,111.3899776,123.0328746,121.5842446
1/11/2018,105.8169907,116.0185784,118.6614278
1/12/2018,109.8327952,115.0732096,114.6288839
1/15/2018,108.0652237,120.5711801,99.9310121
1/16/2018,100.913952,104.3097776,98.29511076
1/17/2018,100.342879,76.09284743,95.74339284
1/18/2018,100.2031862,101.174811,94.5893737
1/19/2018,100.7047087,96.92051208,91.99557666
1/22/2018,99.3030013,88.04781765,85.02941767
1/23/2018,99.1473712,90.93299061,79.87091141
1/24/2018,100.497763,93.27118228,76.22426515
1/25/2018,100.1297752,93.20148538,72.16595648
1/26/2018,100.0878602,94.37295091,71.01534727
1/29/2018,98.47026872,101.1502777,68.7423994
1/30/2018,95.28032808,93.61241832,68.25700436
1/31/2018,96.14891049,91.15964494,66.65776202
2/1/2018,93.93393407,86.62767357,67.76592843
2/2/2018,91.99940294,80.49518255,68.31618709
2/5/2018,90.17762199,65.30348819,65.23570816
2/6/2018,90.69505746,65.38405781,66.15550915
2/7/2018,90.6249084,72.86978388,65.4894947
2/8/2018,91.03129591,71.93473025,62.70845622
2/9/2018,91.46612676,74.46667931,60.24168783
2/12/2018,92.44342439,76.4803622,61.71698775
2/13/2018,91.9311312,75.13353926,59.93419064
2/14/2018,93.38572105,84.65636639,60.16817701
2/15/2018,93.90954026,88.41776881,60.70776227
2/16/2018,94.23279152,89.55912528,60.33977054
2/20/2018,93.60602479,96.09808863,58.82173509
2/21/2018,91.33353097,86.60397663,58.53133151
2/22/2018,89.49716763,82.66470772,59.31880262
2/23/2018,90.47747755,86.74169771,58.90850997
2/26/2018,91.26088273,87.66030287,53.81268528
2/27/2018,91.5099076,88.22038718,53.62331675
2/28/2018,91.21378365,87.37259406,53.21481449
3/1/2018,91.81232231,88.35169614,52.4682016
3/2/2018,91.84048943,88.20616901,52.97158045
3/5/2018,91.51688997,91.48331735,54.9022954
3/6/2018,89.93272572,87.68176952,54.6955695
3/7/2018,87.98258117,84.30816067,54.84537664
3/8/2018,86.43739443,79.34546245,54.02332366
3/9/2018,86.42289852,73.07720186,54.1392553
3/12/2018,86.14942015,73.92332226,52.72852426
3/13/2018,86.16484526,72.9436626,52.15633235
3/14/2018,85.53095431,69.911011,50.92109033
3/15/2018,85.53451388,64.88976738,50.51246318
3/16/2018,85.60463453,68.07770368,49.6825133
3/19/2018,85.29596645,65.06289448,48.81103182
3/20/2018,85.36212979,64.37456788,48.58401319
3/21/2018,85.31901719,68.72923032,48.82377835
3/22/2018,85.31130646,64.7431251,48.12991497
3/23/2018,85.35936937,64.60289493,47.43188534
3/26/2018,85.22705541,60.00206303,45.65736878
3/27/2018,85.25864292,58.83617325,45.07487215
3/28/2018,85.36278763,57.12107188,44.55631996
3/29/2018,85.2226534,52.50267636,44.96846494
4/2/2018,84.96704211,49.83077592,46.074801
4/3/2018,84.25881418,52.73657916,46.89296448
4/4/2018,84.86740418,49.16475233,47.18681196
4/5/2018,84.82515003,49.04654638,47.20926275
4/6/2018,85.0313513,47.51711756,47.14468988
4/9/2018,84.95352068,49.15889779,47.56618644
4/10/2018,85.02389403,49.44688538,47.34415632
4/11/2018,85.05273124,51.13132012,47.27486369
4/12/2018,85.95163039,56.09150924,48.07854921
4/13/2018,85.90606057,60.14703258,49.34742995
4/16/2018,84.80765262,59.04470638,50.11425864
4/17/2018,84.29220688,60.67589268,51.04537544
4/18/2018,85.39929115,59.66194215,52.06438212
4/19/2018,86.58958742,62.5585454,53.35439484
4/20/2018,88.81758506,65.62437273,53.95202285
4/23/2018,89.87297458,69.53882954,58.03681868
4/24/2018,92.87468634,73.51712871,59.77354326
4/25/2018,88.08534725,67.66091621,60.31260399
4/26/2018,90.31042692,68.13011575,59.56822509
4/27/2018,89.13959202,72.14577246,58.95186294
4/30/2018,88.03141965,72.1360149,58.09804256
5/1/2018,87.63713786,69.01359368,56.86156465
5/2/2018,88.35134554,71.00357963,56.23631451
5/3/2018,91.74729543,75.7357205,57.20018582
5/4/2018,91.86351344,78.62340255,58.22413605
5/7/2018,89.73601484,74.16001294,57.52829545
5/8/2018,89.25984818,73.91718893,57.62000689
5/9/2018,89.55837558,75.07220599,58.24371542
5/10/2018,88.33377564,75.535551,57.75061832
5/11/2018,85.91559554,69.18170261,57.09864423
5/14/2018,85.85720263,71.45995495,56.60048867
5/15/2018,85.41138281,69.51429623,56.1834431
5/16/2018,85.36350293,67.28901354,56.28676109
5/17/2018,84.77467974,68.33976403,55.31311158
5/18/2018,85.20296032,65.74759685,55.08382899
5/21/2018,84.99503932,68.32638223,53.85907552
5/22/2018,84.10140427,66.78831099,53.46225075
5/23/2018,83.10393338,62.52369695,53.42629911
5/24/2018,83.13635434,59.59363918,53.85139044
5/25/2018,83.23123208,59.76286326,52.90531211
5/28/2018,83.49510631,56.14224859,53.22576164
5/29/2018,82.97488741,58.23733747,53.59392621
5/30/2018,83.06973043,57.80577425,53.34920951
5/31/2018,82.9289974,59.34161518,53.0899449
6/1/2018,82.90628437,58.77121574,54.75476721
6/4/2018,82.73880347,59.45954234,54.69133631
6/5/2018,82.78276742,59.08540937,54.86195972
6/6/2018,82.74039359,60.9566318,54.5563768
6/7/2018,82.71036327,61.14063162,54.56379313
6/8/2018,82.63427786,60.30482637,53.46922047
6/11/2018,82.56162085,53.04770614,53.6053769
6/12/2018,82.934533,53.4084573,53.37351563
6/13/2018,83.26252369,49.27933403,53.57206789
6/14/2018,82.06676046,49.54975801,53.9953978
6/15/2018,82.7873173,51.10316257,53.12218788
6/18/2018,82.23517127,50.51269041,49.88215259
6/19/2018,82.00782593,53.28718469,48.40830336
6/20/2018,81.97866044,53.40873609,46.95536831
6/21/2018,82.01852112,52.91918505,45.65722091
6/22/2018,82.36456563,47.94728684,46.05664635
6/25/2018,82.23126109,48.02478979,47.51845141
6/26/2018,82.55099695,46.63391842,47.53075534
6/27/2018,82.42594589,45.17892589,47.9074892
6/28/2018,82.84997396,46.0741129,47.31778406
6/29/2018,82.34758615,43.99658764,46.82348303
7/2/2018,81.78851116,49.62140643,44.27047028
7/3/2018,81.92392707,49.40952785,44.68418885
7/4/2018,81.88882214,50.28993911,43.8378787
7/5/2018,81.88170815,49.3139037,44.10219776
7/6/2018,81.88026791,49.16001294,44.52387916
7/9/2018,81.74578248,50.30276334,44.78431171
7/10/2018,81.02355081,46.9918817,44.99255425
7/11/2018,80.96042149,47.16612396,44.85845797
7/12/2018,81.07521725,45.79783438,44.68020543
7/13/2018,81.07278903,46.45939737,43.76950825
7/16/2018,80.55449094,49.67437607,43.71384436
7/17/2018,80.34930616,49.90939403,44.40936425
7/18/2018,80.3019223,54.24426255,46.75930181
7/19/2018,80.37498666,53.33764525,47.58159857
7/20/2018,80.23450664,52.87206994,49.20621907
7/23/2018,80.8402206,53.67609341,51.95574892
7/24/2018,82.63267337,56.25738787,53.67046431
7/25/2018,81.97234089,56.19131521,53.84273024
7/26/2018,81.25104872,56.61562995,54.33495613
7/27/2018,81.95049877,53.92198408,54.92057895
7/30/2018,81.80763511,55.6223097,55.26325347
7/31/2018,80.93926764,52.35296742,54.46764668
8/1/2018,80.74474639,51.42348953,53.90946216
8/2/2018,80.77836567,50.81545375,53.17835331
8/3/2018,80.58444295,50.5737449,52.53422017
8/6/2018,80.68247626,47.99607467,50.87019214
8/7/2018,81.25151874,48.70921337,49.96402688
8/8/2018,82.01394781,43.99881794,50.6163057
8/9/2018,81.39045434,44.03840578,51.4206726
8/10/2018,82.7976691,43.4125276,51.2441585
8/13/2018,83.90640833,41.48387492,51.35561616
8/14/2018,84.15005644,37.33746682,52.97258255
8/15/2018,83.90972344,40.46406985,53.03544996
8/16/2018,83.62514519,40.05927025,52.56048553
8/17/2018,82.11162826,40.99125722,52.49170045
8/20/2018,83.0773099,40.60541517,50.9086795
8/21/2018,82.6243258,40.09383991,48.32247163
8/22/2018,82.99090512,41.40330531,47.03989622
8/23/2018,82.76963484,40.04087026,46.3688433
8/24/2018,82.51832672,40.29122154,44.98768064
8/27/2018,82.19139331,41.41640832,45.19210861
8/28/2018,81.94503668,43.50285479,45.84176678
8/29/2018,82.09240024,43.776903,46.00633264
8/30/2018,82.16413149,42.20900149,45.89044796
8/31/2018,82.22764242,42.55581328,47.70821559
9/3/2018,82.19203712,45.47360439,49.90042014
9/4/2018,82.37380226,46.05850079,51.21168173
9/5/2018,82.09242233,42.33389834,51.45736656
9/6/2018,81.74846045,38.36256886,53.81905155
9/7/2018,82.45579934,37.74951491,53.70587244
9/10/2018,82.30322994,36.28002543,52.20399944
9/11/2018,83.04884934,35.29451123,50.70930997
9/12/2018,83.13727884,34.33576064,50.23629379
9/13/2018,80.85932496,36.85349154,49.27240449
9/14/2018,80.95703086,37.00097018,47.6482176
9/17/2018,81.61143684,36.02214689,46.86267575
9/18/2018,81.20413792,36.75340678,46.36810697
9/19/2018,81.13590298,36.35669202,46.09083957
9/20/2018,80.8109079,36.76818253,45.68924409
9/21/2018,80.4653108,39.0952227,48.494237
9/24/2018,80.17028791,38.80667752,49.36842005
9/25/2018,80.09879029,36.63910387,50.21742177
9/26/2018,80.17510813,38.12838727,50.0007828
9/27/2018,79.8601041,39.2390771,50.18375608
9/28/2018,79.93954672,39.9006401,48.99600631
10/1/2018,79.9179148,39.27476192,49.49182796
10/2/2018,79.97678483,39.31518612,48.65485841
10/3/2018,80.0878745,38.59452015,50.42746469
10/4/2018,79.96728633,39.01270156,50.74309556
10/5/2018,79.79217712,38.92850771,50.13000447
10/8/2018,79.79950527,39.55773134,49.70770762
10/9/2018,79.7817968,39.20785289,49.58739693
10/10/2018,79.72921407,38.72555033,49.10886171
10/11/2018,79.63028039,35.83340768,50.53199559
10/12/2018,79.50646136,35.89334701,51.08168576
10/15/2018,78.96943565,37.83036332,53.23412311
10/16/2018,78.98769789,37.52007271,55.20899031
10/17/2018,79.00957058,37.16406093,55.39039401
10/18/2018,79.0780181,36.98424292,55.10853974
10/19/2018,79.06640601,36.56048576,55.13477412
10/22/2018,79.06660712,36.65025537,55.18160597
10/23/2018,79.06498906,36.49915249,54.83456638
10/24/2018,79.0697506,36.67283717,54.62435761
10/25/2018,79.0669185,36.54069184,54.50803232
10/26/2018,79.04544042,36.38206169,53.64266434
10/29/2018,79.16267793,35.41188081,52.10026782
10/30/2018,79.12038444,35.30566273,52.33194026
10/31/2018,79.05096079,35.67143208,52.81191119
11/1/2018,78.98635004,35.61651092,51.99140282
11/2/2018,78.90155681,36.3661708,53.48528601
11/5/2018,78.92268633,38.09883578,55.11777942
11/6/2018,78.89566782,38.89505319,55.76502377
11/7/2018,78.84433524,39.39603453,56.19312239
11/8/2018,78.76905677,38.66784129,55.76059875
11/9/2018,78.73620145,38.004048,55.22718294
11/13/2018,78.64945687,37.36757589,55.62617576
11/14/2018,78.56145522,33.57299775,57.90906368
11/15/2018,78.61764093,31.87936303,61.19223414
11/16/2018,79.00930826,31.01400629,63.10965905
11/19/2018,81.95356721,27.37722194,63.19767882
11/20/2018,84.18805748,25.64650846,66.24448106
11/21/2018,82.98386693,24.37718848,63.87816424
11/22/2018,85.07728005,23.84526173,60.11973961
11/23/2018,85.13587045,22.3250329,57.65813057
11/26/2018,86.98842986,20.11424716,57.3611719
11/27/2018,86.66756928,19.84103531,53.92395012
11/28/2018,83.0363118,22.24362692,55.33301766
11/29/2018,83.3857699,22.78726275,57.13372265
11/30/2018,84.50108168,21.2675915,60.47441533
12/3/2018,85.73067945,20.16415014,60.31852066
12/4/2018,85.40147992,20.78919196,61.64779004
12/5/2018,86.55440995,19.87922921,60.40628865
12/6/2018,88.13604771,18.40165488,60.75283269
12/7/2018,87.86531272,16.35535384,59.11292196
12/10/2018,88.78879747,17.01970471,55.40823795
12/11/2018,89.35534633,16.39075986,53.58361749
12/12/2018,88.73168595,17.09999554,51.29842265
12/13/2018,89.92696079,16.92686843,49.51162614
12/14/2018,90.52316744,15.82537859,47.88906478
12/17/2018,88.02829665,16.96729264,49.9722285
12/18/2018,87.00286749,17.53239512,51.8653463
12/19/2018,86.99011172,19.26561768,55.16352225
12/20/2018,86.3094694,21.28682784,57.73072422
12/21/2018,86.2524542,21.18813703,60.2188344
12/26/2018,86.30816098,20.71698597,55.62083057
12/27/2018,85.22846925,20.5274104,53.54196399
12/28/2018,86.64482366,21.28766421,53.71185905
12/31/2018,86.48194414,21.23692486,51.97470485
1/2/2019,86.72614431,22.20933604,51.71066354
1/3/2019,86.65124453,22.17755425,52.50731939
1/4/2019,86.74204498,21.6994335,51.23350309
1/7/2019,86.27426991,22.88455963,63.09810645
1/8/2019,86.11570696,23.19958962,67.6935376
1/9/2019,86.14580312,22.87954145,70.15299058
1/10/2019,84.20848369,20.96427058,72.62575357
1/11/2019,84.14521348,19.99938667,74.16577822
1/14/2019,84.08958859,20.2753864,73.27055212
1/15/2019,84.11804197,19.98990789,73.99494901
1/16/2019,84.10726927,19.71669603,73.67986065
1/17/2019,84.06889823,19.67571425,71.19529728
1/18/2019,84.14927103,19.73286571,69.382701
1/21/2019,84.17282097,19.13570266,66.08073146
1/22/2019,84.08266782,19.39776301,64.27135029
1/23/2019,84.16836174,19.33085398,63.23062816
1/24/2019,84.11752731,19.34590851,62.80516416
1/25/2019,84.16924857,19.33419943,63.28129255
1/28/2019,84.5096804,18.00940072,66.92758412
1/29/2019,84.65070017,18.1178491,68.12623608
1/30/2019,84.17408573,18.52599416,70.46087741
1/31/2019,84.40727532,18.25445503,72.02575769
2/1/2019,84.31340986,18.38018824,72.2551412
2/4/2019,84.37724623,18.39189732,68.28216072
2/5/2019,84.33333248,18.39273368,67.53494137
2/6/2019,84.64781473,18.21068537,64.93193562
2/7/2019,84.74771161,18.13597029,62.76761696
2/8/2019,82.68139457,19.44682963,63.27903658
2/11/2019,82.6146995,20.23050159,64.87011427
2/12/2019,82.65435178,20.34173785,65.07623872
2/13/2019,82.6469758,19.96230792,66.66254771
2/14/2019,82.60800874,20.0819078,67.5005783
2/15/2019,82.61604339,20.02141089,66.24739343
2/18/2019,83.33939063,22.33283895,70.18374989
2/19/2019,83.15625595,23.16836541,74.3810864
2/20/2019,83.71735246,22.98715347,75.91292642
2/21/2019,83.30796261,22.75129915,78.92008635
2/22/2019,83.68532171,23.06465642,79.9281299
2/25/2019,84.4369256,21.85053639,86.03499644
2/26/2019,84.32090777,21.79533644,84.98508857
2/27/2019,84.29409233,21.82600308,85.96155855
2/28/2019,84.28097829,21.97041506,86.98740607
3/1/2019,84.27590899,21.96706961,88.97270688
3/4/2019,84.1007106,20.96287664,87.49124051
3/5/2019,84.17804726,22.3587662,88.44314959
3/6/2019,84.16888352,22.43013583,87.12353452
3/7/2019,84.13803653,22.59211143,86.80792764
3/8/2019,84.00025946,22.59657203,87.40717119
3/11/2019,83.78508376,22.15915427,86.69150144
3/12/2019,83.80502807,22.31053594,86.87615322
3/13/2019,83.78592092,22.20264514,87.047465
3/14/2019,83.77539743,22.34845106,87.35603223
3/15/2019,83.94486457,22.98046256,87.48309284
3/18/2019,83.89116831,23.61108013,89.38643044
3/19/2019,83.97583903,23.65986797,89.1459749
3/20/2019,84.03058,23.72872851,91.56961811
3/21/2019,83.92493394,23.23415929,92.60584629
3/22/2019,83.93094322,23.53998929,92.96018631
3/25/2019,83.80872398,23.28155318,93.14181481
3/26/2019,83.77553706,23.09002609,94.4465143
3/27/2019,83.4782821,23.92778286,94.33044979
3/28/2019,83.46384339,23.93837679,94.85563001
3/29/2019,83.53315637,24.25424315,96.47577155
4/1/2019,83.55775871,24.38220666,102.1487996
4/2/2019,86.30625813,27.90022749,104.8735917
4/3/2019,86.18316095,31.30645449,108.0741765
4/4/2019,85.48181236,31.24261213,109.9885292
4/5/2019,86.68128414,31.47986038,109.2913678
4/8/2019,87.39937051,33.04581038,109.8440013
4/9/2019,86.67642464,32.54315632,107.7702871
4/10/2019,87.25371432,33.10184669,107.2130467
4/11/2019,85.20073667,30.6290006,107.2469522
4/12/2019,85.2543089,31.00508509,107.3045883
4/15/2019,84.76188129,32.03325379,102.861558
4/16/2019,85.34140873,31.29363026,101.6815942
4/17/2019,85.39695257,31.96216295,99.79820766
4/18/2019,85.62996642,32.31315654,98.44364105
4/22/2019,85.86394018,32.11689007,102.7097477
4/23/2019,86.15203155,33.3446707,104.8069457
4/24/2019,85.59069197,31.70790865,105.9460253
4/25/2019,83.97250955,31.92424783,106.6618729
4/26/2019,84.24692318,30.40931597,107.5115051
4/29/2019,84.19308317,29.60557129,104.9757238
4/30/2019,84.29640248,30.88241854,103.4930915
5/1/2019,84.37864754,31.13918193,102.7752057
5/2/2019,84.55608421,31.72770257,100.5695363
5/3/2019,84.91678618,33.61035529,99.40166962
5/6/2019,84.82813312,33.03800433,104.2662045
5/7/2019,84.8107522,33.67140977,106.0627842
5/8/2019,85.41160855,33.51445235,107.0081022
5/9/2019,85.84162337,33.94016103,109.2121991
5/10/2019,86.44914195,34.73331177,110.3468147
5/13/2019,90.22955207,41.41612954,118.5355411
5/14/2019,92.11184711,44.00690278,120.1759034
5/15/2019,94.97644952,44.75461115,122.7997285
5/16/2019,95.02192637,46.56087606,126.2080353
5/17/2019,91.13607135,41.64306265,128.3028605
5/20/2019,89.95292316,45.07549568,128.0967091
5/21/2019,89.92749842,46.02532507,128.6497762
5/22/2019,88.25770929,45.62359212,126.9410404
5/23/2019,89.058508,44.42396904,125.7652219
5/24/2019,89.52731185,46.98825747,125.1827602
5/27/2019,89.73212817,50.82493253,125.4061431
5/28/2019,89.47912389,50.48982983,124.7122997
5/29/2019,89.1852323,51.06831412,127.0518127
5/30/2019,87.22350857,51.90244664,127.835716
5/31/2019,88.75200466,49.08920088,129.3071284
6/3/2019,86.01385526,48.70726186,129.8429321
6/4/2019,84.28402898,46.26452483,131.2010045
6/5/2019,84.67304063,44.89679283,128.6050365
6/6/2019,84.77747723,45.03590784,126.7116779
6/7/2019,85.03631501,46.82433035,122.4019735
6/10/2019,86.0872161,47.12737248,114.7639963
6/11/2019,85.87478518,46.4566095,112.4617808
6/12/2019,86.68224201,48.25506836,113.0474985
6/13/2019,86.56348654,49.09198876,113.8763264
6/14/2019,87.38715803,49.55812164,115.7149522
6/17/2019,88.78309027,54.121596,126.4478024
6/18/2019,87.52017561,52.45165823,127.7781668
6/19/2019,88.31186768,52.29497959,128.0916716
6/20/2019,89.20531326,53.24759685,128.0655951
6/21/2019,92.51864055,55.7527823,129.7821039
6/24/2019,93.46562087,60.83340768,129.6849113
6/25/2019,96.39888035,61.64217053,130.0706091
6/26/2019,101.9073839,68.23493989,131.7306877
6/27/2019,92.75820809,62.46905458,132.9962275
6/28/2019,97.61488963,61.38986774,131.5766064
7/1/2019,97.13508122,55.18433437,127.9655032
7/2/2019,97.65968668,56.73439347,124.8228133
7/3/2019,100.3206701,59.93264491,121.3431687
7/4/2019,97.84702555,61.66280081,117.0780552
7/5/2019,97.65317485,59.58499677,114.0230123
7/8/2019,99.74555713,62.14761246,106.1037384
7/9/2019,100.10505,63.41693244,107.9190242
7/10/2019,98.05270374,62.77544216,109.8238754
7/11/2019,95.17689182,58.29922832,111.9775407
7/12/2019,96.50039873,58.09878003,113.5499472
7/15/2019,97.82040413,51.7661195,116.829387
7/16/2019,95.33397989,50.31335727,115.3929601
7/17/2019,95.73411584,48.0719049,114.0937017
7/18/2019,96.70637993,50.89713852,113.3740675
7/19/2019,96.62243044,50.52495707,111.4030768
7/22/2019,96.28793443,49.95929701,101.5114554
7/23/2019,95.71091246,48.87676473,98.92266683
7/24/2019,95.55134054,48.90018288,93.99412555
7/25/2019,95.63685929,49.56592769,89.5342174
7/26/2019,95.59483696,48.81041327,89.43656631
7/29/2019,95.5696918,47.35542075,87.29800147
7/30/2019,95.66113183,47.76523853,86.89118768
7/31/2019,96.09816635,49.75856993,87.95770859
8/1/2019,96.3745209,49.72706693,88.6597616
8/2/2019,96.4828363,51.99611928,88.02142423
8/5/2019,98.14667279,56.49101189,91.02600448
8/6/2019,97.06068177,55.92507304,93.6828098
8/7/2019,98.40790372,56.88633272,94.89051261
8/8/2019,98.24459921,55.04661329,95.21469678
8/9/2019,97.54314884,54.35856547,95.15445201
8/12/2019,97.12955834,53.46532997,90.82062437
8/13/2019,96.00972389,51.89296786,88.08488211
8/14/2019,94.25753168,50.25453309,87.31103274
8/15/2019,94.63856975,47.12291188,88.12759166
8/16/2019,94.71694231,47.29380868,87.78769364
8/19/2019,95.28819421,50.55478734,87.92746182
8/20/2019,95.08735021,49.58014586,88.63127124
8/21/2019,94.22834566,46.7761001,89.05024608
8/22/2019,94.1981494,47.53579633,87.34196689
8/23/2019,94.53508813,48.99134643,86.92976795
8/26/2019,94.91560859,48.24335928,86.51427099
8/27/2019,94.57612053,47.68773558,84.92610067
8/28/2019,93.40942938,47.80677788,83.04468534
8/29/2019,92.94921749,43.33641858,84.34332729
8/30/2019,93.05056593,44.28903584,84.11168582
9/2/2019,93.50941333,45.64812543,84.94347703
9/3/2019,93.68047253,48.47335906,87.93954194
9/4/2019,93.63433043,47.32252381,87.79881263
9/5/2019,93.5868106,47.34984499,87.27420888
9/6/2019,93.31079609,48.72928608,89.29292761
9/9/2019,93.09353799,47.88623235,90.82143064
9/10/2019,92.70373579,47.40616009,88.00687034
9/11/2019,92.72481954,46.54387002,88.38301672
9/12/2019,93.15428037,47.58179628,88.60217444
9/13/2019,93.07466412,47.2754087,84.87018201
9/16/2019,93.46014453,47.7906082,83.00134336
9/17/2019,93.91910393,48.94227981,84.14586006
9/18/2019,94.07827667,49.73487298,85.89599257
9/19/2019,95.07823867,48.26259562,85.73107103
9/20/2019,94.7015934,49.69054575,89.14038993
9/23/2019,93.35728686,48.18202601,88.0703372
9/24/2019,89.09534448,45.29155608,90.61337893
9/25/2019,89.1359101,39.29650735,91.0040962
9/26/2019,89.09069987,38.57361108,90.28419027
9/27/2019,89.03351254,37.80415728,87.84164108
9/30/2019,89.04920236,39.49388898,87.01744203
10/1/2019,89.03026809,39.86523407,82.74711522
10/2/2019,89.08010715,39.46015568,78.50609503
10/3/2019,89.0045956,38.7464594,75.56362487
10/4/2019,88.99741581,39.37428909,74.22653453
10/7/2019,89.391579,39.45848295,71.38713459
10/8/2019,89.40561502,39.64554943,70.50546028
10/9/2019,90.01880481,41.23436002,72.74268431
10/10/2019,89.91040382,41.2190267,74.90428541
10/11/2019,88.74380482,40.03613087,75.24901708
10/15/2019,88.33973882,39.73838571,75.51535232
10/16/2019,87.96829201,38.15793876,73.66362727
10/17/2019,88.05754971,38.76179272,71.84551895
10/18/2019,87.91516147,37.90479961,72.0026415
10/21/2019,87.94983331,39.61683431,71.82630624
10/22/2019,87.9989854,39.15571961,70.9846599
10/23/2019,88.0806043,35.70711689,72.17802462
10/24/2019,88.12881615,36.05309231,74.16014829
10/25/2019,86.80984546,37.11025492,75.26363692
10/28/2019,86.09949153,43.98236947,81.1698331
10/29/2019,86.86266332,44.25976314,82.39114267
10/30/2019,85.9685845,43.39357004,81.31132373
10/31/2019,85.87807449,43.62356982,80.1687363
11/1/2019,86.09010663,43.0908067,79.05897432
11/4/2019,86.72699632,44.0626603,73.72218155
11/5/2019,86.62117704,44.57813859,76.41205211
11/6/2019,86.73986394,45.12316837,76.67646608
11/7/2019,86.32941449,43.94779981,77.64241352
11/8/2019,85.69507414,42.53406785,77.91238249
11/12/2019,85.82203596,42.44095278,72.22587554
11/13/2019,85.81742251,42.69046769,71.51049654
11/14/2019,85.6314429,42.29960747,69.37810813
11/15/2019,85.38223514,40.98400874,69.96979949
11/18/2019,85.15930114,40.78551197,68.27258134
11/19/2019,85.08610108,39.14261659,67.84617719
11/20/2019,85.05789698,39.34613154,66.92067034
11/21/2019,85.08680725,36.60704329,69.7751647
11/22/2019,85.40060439,33.96608828,72.67291611
11/25/2019,84.94479398,34.597821,81.80064424
11/26/2019,84.81519758,33.83645204,82.24483338
11/27/2019,84.07816251,34.93599037,84.07832985
11/29/2019,83.61879951,36.84680063,77.71649983
12/2/2019,83.75472123,34.38203939,74.41682723
12/3/2019,83.80408338,34.63211187,75.28306144
12/4/2019,83.91363728,35.10186899,76.23712758
12/5/2019,83.72457679,34.39848786,76.56454183
12/6/2019,83.67099483,34.59977251,77.76643787
12/9/2019,83.82796256,34.73888753,74.82691906
12/10/2019,83.89674213,33.92427013,74.79149095
12/11/2019,84.02155891,33.621228,71.85588961
12/12/2019,83.95221196,33.69956732,72.91470545
12/13/2019,83.91902338,34.08317907,74.33026116
12/16/2019,84.5665506,33.23510717,81.12432807
12/17/2019,85.47947386,30.86346098,84.91563909
12/18/2019,83.38662431,31.22727881,91.36503129
12/19/2019,84.00349612,32.2197627,92.83076482
12/20/2019,83.93942156,32.25488993,93.56425952
12/23/2019,84.14680673,34.0915427,94.88462391
12/24/2019,84.10353323,32.63041684,90.44274554
12/26/2019,84.06786127,32.42606553,82.41208282
12/27/2019,84.04727055,32.69927738,80.17479884
12/30/2019,84.03262886,33.17237995,74.37862662
12/31/2019,84.06038323,32.93011352,72.89368238
1/2/2020,84.0914388,32.6493744,67.09877301
1/3/2020,83.5702381,33.59557954,67.68900868
1/6/2020,83.80355318,34.97920244,66.40751629
1/7/2020,83.89110115,35.67003814,69.74078265
1/8/2020,83.65907852,37.48633941,75.39686499
1/9/2020,83.24488629,36.04584383,78.54030423
1/10/2020,83.73540736,37.39740616,79.76720077
1/13/2020,83.52505914,37.52146665,78.21682044
1/14/2020,85.31772419,41.82176551,80.89159158
1/15/2020,85.29791857,41.9140442,83.61633574
1/16/2020,84.93494747,41.72168075,84.97923284
1/17/2020,85.80102455,42.94778866,84.81352502
1/21/2020,86.17533251,42.14711065,83.31813318
1/22/2020,85.98330526,42.2020318,77.80789755
1/23/2020,85.13041538,40.8206392,75.67783006
1/24/2020,85.12705654,41.0389299,71.32584876
1/27/2020,85.32355056,43.22016415,62.58079514
1/28/2020,85.85503768,43.92438165,63.89879167
1/29/2020,85.61652608,45.07047751,65.40720878
1/30/2020,86.57118378,45.99995539,67.00902181
1/31/2020,85.90563865,45.92858577,71.1688391
2/3/2020,85.95188667,46.24417334,81.60042948
2/4/2020,85.5303019,46.0537614,81.42417814
2/5/2020,88.30638203,48.53357718,83.14540667
2/6/2020,89.61094949,50.30053304,85.96555295
2/7/2020,90.88741798,50.59716306,87.34348752
2/10/2020,89.54203623,51.29385329,91.5774111
2/11/2020,92.20753327,52.722361,94.52358892
2/12/2020,95.74599556,54.66021366,98.08885643
2/13/2020,95.77723194,55.44249169,97.58957988
2/14/2020,98.07988624,55.88799429,97.23110259
2/17/2020,98.60321143,51.38167139,99.54706973
2/18/2020,100.2845984,52.89688204,99.32653026
2/19/2020,97.71350883,54.37612909,97.16718413
2/20/2020,97.57553994,50.2857573,95.25678789
2/21/2020,98.31781629,51.63090751,93.72597394
2/24/2020,97.49160445,51.91471329,88.08753772
2/25/2020,95.95089504,49.5703883,87.98052705
2/26/2020,94.28261328,46.00413721,88.62394284
2/27/2020,94.40666658,45.88342217,89.88826269
2/28/2020,94.44033218,45.04287753,92.24485426
3/2/2020,94.38990863,45.62219818,93.12097956
3/3/2020,94.35053642,45.20680465,92.35172206
3/4/2020,94.36273789,44.68073243,89.82041177
3/5/2020,94.17671669,46.79812432,89.77431526
3/6/2020,94.48709706,46.72285166,89.35132005
3/9/2020,94.55117438,39.04392578,93.19774346
3/10/2020,94.62545097,39.24604679,95.27346987
3/11/2020,94.62109302,38.95248344,96.75235256
3/12/2020,98.87103223,29.74663782,100.0535678
3/13/2020,94.72031106,25.9877445,103.9319684
3/16/2020,96.4023605,25.46975712,106.6048542
3/17/2020,95.17094642,25.21327252,106.9015821
3/18/2020,94.76517383,25.41065415,106.8756365
3/19/2020,91.54952842,27.6682762,104.9325756
3/20/2020,91.67081121,32.43693824,103.3589632
3/23/2020,90.4137014,30.23144947,99.72769713
3/24/2020,90.25597574,31.8528782,99.7318434
3/25/2020,90.2638944,31.83866004,98.17694913
3/26/2020,90.25230286,31.83977519,94.73038276
3/27/2020,89.91676843,31.94989629,89.64639142
3/30/2020,89.89217716,30.7101278,84.69711781
3/31/2020,89.86255926,31.20469701,82.84398801
4/1/2020,89.75056498,30.45001896,82.05504823
4/2/2020,89.58997023,32.71042889,83.17843194
4/3/2020,89.56668257,32.91812566,84.22265792
4/6/2020,89.42596226,34.71881482,86.96225271
4/7/2020,89.19992182,36.21172246,89.20382482
4/8/2020,89.93327408,35.91425608,89.96358888
4/9/2020,89.63158866,36.5774918,91.02398929
4/13/2020,89.40684813,32.95604077,88.40794628
4/14/2020,89.50083607,33.88691259,84.97574598
4/15/2020,88.88488014,33.15397997,85.13800592
4/16/2020,90.84974362,34.93849945,86.97278923
4/17/2020,90.65491757,34.92149341,86.67838525
4/20/2020,89.88416542,35.16738408,94.02842267
4/21/2020,89.91397693,34.07481544,97.10538476
4/22/2020,90.89625204,35.61316547,98.78410356
4/23/2020,91.29452037,37.13311551,98.69640851
4/24/2020,91.49002631,37.30373352,103.4406717
4/27/2020,91.52838708,38.07458126,106.2925064
4/28/2020,91.49212271,38.23209626,105.4739233
4/29/2020,95.27939488,41.37765685,110.4872443
4/30/2020,93.93577593,42.90150991,113.7150266
5/1/2020,95.22530874,42.8995584,111.5623964
5/4/2020,94.76208478,42.18586212,110.5444068
5/5/2020,95.07273612,42.51622544,109.9712488
5/6/2020,94.91008752,43.83210295,106.2502744
5/7/2020,98.20695327,43.94668466,104.7384514
5/8/2020,97.63190602,46.25448848,106.2941719
5/11/2020,97.3540759,41.20787519,112.3468622
5/12/2020,97.81392717,41.60932935,115.7786339
5/13/2020,98.72147271,42.41307402,117.720265
5/14/2020,99.40525055,44.25362981,114.9233159
5/15/2020,98.1949549,44.06544818,113.5367231
5/18/2020,98.53613869,45.30744697,105.3927704
5/19/2020,98.62434311,45.22827129,102.090583
5/20/2020,98.00011279,45.56002855,99.79044364
5/21/2020,96.28909779,42.3732074,101.231989
5/22/2020,97.06547837,42.83348574,100.1895284
5/26/2020,96.95032573,41.63915962,99.46597573
5/27/2020,97.34024743,42.99434619,98.95292159
5/28/2020,97.83879507,44.31747218,98.27019419
5/29/2020,97.74705746,44.62246582,99.40062756
6/1/2020,99.56923514,46.11704619,115.292
6/2/2020,98.15050077,45.95534938,120.3227917
6/3/2020,98.83696667,46.26619756,119.9888244
6/4/2020,98.88040972,47.08694828,120.3749208
6/5/2020,98.40077092,46.80648795,120.5212436
6/8/2020,98.53239797,46.62416085,114.6552507
6/9/2020,98.35715505,46.87256061,110.4207621
6/10/2020,98.74872727,46.9988514,111.3970623
6/11/2020,96.83281069,46.26731271,112.104399
6/12/2020,97.53828578,45.32528938,109.9796487
6/15/2020,97.52165939,43.86109686,109.9384948
6/16/2020,97.63373749,45.02921694,111.6529074
6/17/2020,97.56652318,45.06071994,113.125825
6/18/2020,97.45708481,45.11285322,111.7515017
6/19/2020,97.36387798,44.72115663,114.4616655
6/22/2020,97.93571134,45.42788322,117.3285512
6/23/2020,97.85286816,46.24166425,117.8766752
6/24/2020,97.00941016,44.62023552,117.2926934
6/25/2020,96.80867918,44.46244173,119.983621
6/26/2020,96.53945517,43.66984856,119.5561244
6/29/2020,96.5929766,43.06264915,119.6347166
6/30/2020,96.55205612,43.63723041,119.1878524
7/1/2020,96.64631995,43.9210362,119.7461403
7/2/2020,96.55078181,43.80868479,118.6202798
7/6/2020,96.60254952,44.6026719,118.051894
7/7/2020,96.48384882,44.77273234,119.4016619
7/8/2020,96.87966013,45.90321609,120.7247783
7/9/2020,96.41705679,45.23691371,120.3413036
7/10/2020,96.35340234,44.71836876,120.5321143
7/13/2020,96.14978166,45.26758035,124.3492561
7/14/2020,96.21606361,44.59402948,124.4602092
7/15/2020,96.05339938,44.68296273,123.3268045
7/16/2020,95.65690754,43.74595758,124.5279702
7/17/2020,95.62576281,43.92354529,125.0077673
7/20/2020,95.54885345,44.23550862,124.0851983
7/21/2020,95.88867784,45.33365301,123.9476046
7/22/2020,96.71705936,45.29295002,125.2274465
7/23/2020,97.17230278,46.82265763,125.9208873
7/24/2020,97.3451885,47.36071771,126.6553421
7/27/2020,101.0321988,52.54142784,133.9736276
7/28/2020,100.1656005,55.96075786,136.0383424
7/29/2020,100.8038859,55.71821264,137.0845566
7/30/2020,102.7669588,55.24929188,138.1400145
7/31/2020,104.8149999,57.75308339,139.8789071
8/3/2020,106.7691522,59.99230546,139.3844827
8/4/2020,106.979246,59.35806365,138.0033955
8/5/2020,109.6797651,60.90979548,136.3723083
8/6/2020,109.1993514,61.721625,135.26734
8/7/2020,107.3856084,60.88665611,134.8544257
8/10/2020,108.3250753,61.80498249,134.7986404
8/11/2020,105.7299005,60.02882664,135.5597148
8/12/2020,106.6514974,60.03049936,136.514298
8/13/2020,109.3614321,59.99732364,137.6675168
8/14/2020,110.0610756,62.43727279,138.6732375
8/17/2020,110.6267261,64.97786426,140.3265906
8/18/2020,109.3312145,63.78967148,140.9192201
8/19/2020,107.8561834,62.21703058,141.5967292
8/20/2020,108.5502696,62.83649664,139.9800426
8/21/2020,106.3057577,61.89670362,137.4755726
8/24/2020,107.2200108,61.70266744,132.6244037
8/25/2020,105.6884226,59.57635435,131.185472
8/26/2020,105.8762213,59.69846332,129.6982608
8/27/2020,105.6921538,58.86544595,129.9410048
8/28/2020,106.0007912,59.75449963,130.4747713
8/31/2020,106.0997021,63.01547829,131.8372738
9/1/2020,107.4095756,64.75985235,132.6827482
9/2/2020,105.0719507,60.11552958,134.2334722
9/3/2020,101.4947949,57.47764123,135.323927
9/4/2020,101.5932811,53.42964516,136.3392226
9/7/2020,101.5484064,50.7942659,135.3364163
9/8/2020,101.6710763,51.42348953,132.8677296
9/9/2020,101.5931173,52.37248255,131.241592
9/10/2020,101.4913842,53.47899057,128.3493896
9/11/2020,101.4512227,53.11405759,127.0475475
9/14/2020,101.3248455,54.30475946,124.4081361
9/15/2020,101.1845239,54.07810514,125.6731887
9/16/2020,101.2542686,54.14919598,125.2416347
9/17/2020,101.6555939,54.48178959,125.757887
9/18/2020,101.5063664,55.03574057,126.6196123
9/21/2020,100.3773286,50.06467873,126.4881291
9/22/2020,100.4763574,50.46027834,126.2019817
9/23/2020,100.3596457,50.2812967,127.341391
9/24/2020,100.3867326,50.22526039,128.061235
9/25/2020,100.3483716,51.65237416,126.5922089
9/28/2020,100.2942939,53.50882084,124.1576216
9/29/2020,100.3977285,52.65851863,124.1430757
9/30/2020,100.3670821,52.59495506,122.5074431
10/1/2020,100.1597533,53.6245177,122.0513037
10/2/2020,99.95201111,51.10427772,123.1580514
10/5/2020,100.1407411,52.15001004,122.094836
10/6/2020,99.45364362,51.5140955,120.7700746
10/7/2020,99.55980262,51.23502911,121.473877
10/8/2020,100.0954891,52.77114883,120.433534
10/9/2020,100.5352201,54.01454156,120.0460463
10/12/2020,101.2794695,56.49407855,124.1223543
10/13/2020,100.728837,56.3376787,124.8140017
10/14/2020,100.6209316,56.31788478,123.9242706
10/15/2020,100.7316758,56.08286683,124.2389908
10/16/2020,99.76947576,55.22671008,123.9980008
10/19/2020,100.3355019,56.62176328,121.9708621
10/20/2020,100.2980994,56.50606642,122.3503575
10/21/2020,102.7215329,60.10465687,124.267115
10/22/2020,104.0374744,62.33495774,127.5519759
10/23/2020,103.5982271,62.33607289,127.7811057
10/26/2020,102.9038724,61.50249794,126.6372314
10/27/2020,105.3268952,63.95917434,125.7413149
10/28/2020,103.3485435,62.06286103,124.4596132
10/29/2020,103.8129336,62.45873943,121.847138
10/30/2020,103.9148737,61.99483685,121.5120287
11/2/2020,102.932955,61.92876419,124.9980075
11/3/2020,104.3378002,61.73612195,126.7913247
11/4/2020,105.0102326,62.00654593,126.1753147
11/5/2020,109.1033883,67.27981355,127.2624166
11/6/2020,110.5781565,69.4136539,128.7805325
11/9/2020,109.4797655,68.63109708,126.7944913
11/10/2020,109.7780858,69.26952071,125.2139422
11/11/2020,111.6187695,71.53717912,125.3228941
11/12/2020,113.3184832,72.54388117,124.0786796
11/13/2020,114.1511594,73.14996543,122.0845678
11/16/2020,116.9147877,73.938098,118.3232233
11/17/2020,120.2371657,76.96210719,119.6511773
11/18/2020,120.2803076,78.28160894,120.6351276
11/19/2020,120.0328329,79.6953409,119.639303
11/20/2020,124.4423609,82.64101077,120.5554817
11/23/2020,127.2258481,86.12111649,128.260597
11/24/2020,129.2213249,91.12981466,128.932651
11/25/2020,125.6001383,89.87722194,129.4600093
11/26/2020,117.6042769,77.22779178,130.9284584
11/27/2020,117.4304043,75.06495751,129.8612786
11/30/2020,121.7241242,88.55019292,125.2938692
12/1/2020,118.732501,89.2931619,125.709504
12/2/2020,120.080679,87.08544283,123.668912
12/3/2020,121.3533813,90.32774271,121.7424822
12/4/2020,117.6661035,86.7193947,121.2576382
12/7/2020,116.8521882,87.63326048,118.9527301
12/8/2020,113.6084128,85.10660838,116.23847
12/9/2020,114.8072581,83.03382251,117.1730222
12/10/2020,113.8818467,81.86598122,117.4583838
12/11/2020,113.1660552,81.36862413,117.1518028
12/14/2020,113.1650753,86.37091019,122.523115
12/15/2020,113.4232998,87.39573343,123.690081
12/16/2020,117.3204943,92.69576466,125.2479251
12/17/2020,119.4258996,102.9780092,128.2703353
12/18/2020,120.5401899,99.23138256,132.0285746
12/21/2020,117.5002896,99.69640029,130.8380408
12/22/2020,121.0337964,100.9922051,130.5218444
12/23/2020,118.1160645,99.03985548,130.1135405
12/24/2020,119.8032669,97.73624462,126.2923743
12/28/2020,122.637298,115.1376096,123.2005546
12/29/2020,123.3199777,112.757321,123.3682577
12/30/2020,126.9581059,117.3996922,122.8625219
12/31/2020,126.5866732,118.8820059,124.8118806
1/4/2021,127.5350608,141.0774026,131.7850428
1/5/2021,133.5578099,143.141546,132.3370499
1/6/2021,142.880398,154.8882619,132.9208548
1/7/2021,147.8920648,170.3107924,134.7504358
1/8/2021,149.3764169,172.6275175,139.9475513
1/11/2021,137.5015653,136.9457702,136.0389933
1/12/2021,133.8177748,146.8890091,134.2815924
1/13/2021,141.5458117,150.3716239,132.0558465
1/14/2021,146.9443354,169.5020296,131.169895
1/15/2021,141.732476,156.7767692,129.1649539
1/18/2021,143.2260081,165.5859,121.5136907
1/19/2021,145.1543415,175.2941209,122.7823816
1/20/2021,144.9158687,158.9092156,124.2601428
1/21/2021,133.2116658,147.1588755,122.2530316
1/22/2021,139.1854072,153.7034146,122.1647301
1/25/2021,137.3850379,167.2547227,119.58823
1/26/2021,138.8786773,152.623949,117.3675091
1/27/2021,134.0297637,147.7454446,116.4682656
1/28/2021,138.7039807,155.8659701,117.818588
1/29/2021,140.4276715,171.3317126,120.5916857
2/1/2021,142.1630061,156.2752303,128.5195749
2/2/2021,147.2728407,166.3793296,130.4942213
2/3/2021,152.6975182,179.8062984,131.1034034
2/4/2021,150.40041,176.508241,132.5304707
2/5/2021,154.6528616,188.0807146,130.5346909
2/8/2021,166.355958,203.621451,132.3618985
2/9/2021,166.8296532,212.2752972,134.1908411
2/10/2021,163.9320026,205.385619,135.7738146
2/11/2021,169.66429,220.8232041,134.310273
2/12/2021,170.6251629,218.9405513,135.1201355
2/15/2021,169.1084945,229.9378861,130.4594831
2/16/2021,170.8183467,228.9880567,128.3084999
2/17/2021,176.0209393,237.3238062,126.9232989
2/18/2021,177.3246661,241.1830631,127.8410457
2/19/2021,183.4122873,249.733479,128.1680344
2/22/2021,174.705649,234.255191,134.559158
2/23/2021,163.428003,211.8217097,136.2714431
2/24/2021,164.8723435,219.6447688,137.0033003
2/25/2021,160.5206281,222.5104267,136.9844972
2/26/2021,159.2443521,207.5626715,135.5357663
3/1/2021,163.6023383,212.8459754,127.3709064
3/2/2021,162.0054516,213.5312354,124.7269286
3/3/2021,164.2605926,222.1856391,123.0174944
3/4/2021,162.3239175,216.1914267,120.3950162
3/5/2021,162.5542138,206.7148783,118.8532012
3/8/2021,164.8378924,227.718458,115.0102266
3/9/2021,167.5371126,239.3241073,115.8020229
3/10/2021,166.9917434,244.9650958,115.3731869
3/11/2021,169.7718781,242.0768562,116.23734
3/12/2021,168.1530403,243.1287218,117.0703071
3/15/2021,163.7169647,239.3012467,122.5277033
3/16/2021,165.209382,240.6196333,121.9805509
3/17/2021,167.2586086,238.0065571,121.9743495
3/18/2021,165.5382516,252.1932221,122.3210364
3/19/2021,166.3240422,250.4036845,121.609363
3/22/2021,163.2690766,243.2148672,116.7449031
3/23/2021,163.27522,233.9108883,116.7856754
3/24/2021,161.7226226,238.2569084,116.1155781
3/25/2021,161.2724425,216.5839597,117.2016624
3/26/2021,163.9875374,225.8068113,117.7177598
3/29/2021,166.7823739,245.0727078,116.6131082
3/30/2021,167.8029144,249.7075518,116.1206405
3/31/2021,169.1839379,247.7833597,117.3430646
4/1/2021,169.9752328,255.3368312,116.361711
4/2/2021,173.5754124,262.4032607,116.8763038
4/5/2021,175.3667213,264.7841069,118.4186653
4/6/2021,174.4149571,264.6519615,120.2721288
4/7/2021,168.4106565,257.0990477,120.6488667
4/8/2021,172.8360585,262.1813458,119.8580086
4/9/2021,172.5565993,265.0400339,118.2956531
4/12/2021,172.1833641,273.2815532,119.8093434
4/13/2021,177.4293201,289.1150166,120.4623006
4/14/2021,179.3800985,292.5599951,121.0426072
4/15/2021,181.5982947,303.0312577,121.7543145
4/16/2021,177.7228884,298.1443897,123.3003688
4/19/2021,175.955509,270.6065861,127.4261447
4/20/2021,179.4014537,270.4630105,127.3198584
4/21/2021,178.4431205,284.9766934,125.9954976
4/22/2021,178.1286867,288.256072,126.3620856
4/23/2021,177.1395183,254.2626625,127.8220998
4/26/2021,182.3404443,272.2347057,122.7450362
4/27/2021,184.9864609,284.1171912,120.7921082
4/28/2021,186.3733709,284.6987421,120.0039298
4/29/2021,185.8971856,285.2657961,118.1850781
4/30/2021,188.3375766,293.0955461,114.9981795
5/3/2021,198.2589919,315.3227245,112.3264306
5/4/2021,190.6241161,318.3718246,111.8469822
5/5/2021,200.8435914,333.9128398,112.7923152
5/6/2021,199.0902477,345.7351072,113.9594486
5/7/2021,199.7803946,346.4418338,116.067335
5/10/2021,198.2314335,364.9198764,124.3641122
5/11/2021,203.4460859,357.8339318,125.6291574
5/12/2021,192.2776876,372.0529362,127.1827418
5/13/2021,190.4828574,332.1573143,128.8169277
5/14/2021,196.4185779,344.8201262,128.6373424
5/17/2021,191.3358995,291.2167964,125.1670284
5/18/2021,192.3568368,287.5381939,122.6617187
5/19/2021,180.0601095,229.8821286,122.2604429
5/20/2021,183.8149402,252.9442759,120.5837393
5/21/2021,180.3928122,222.8483172,119.2503766
5/24/2021,184.5405167,214.4838526,117.616951
5/25/2021,184.8300567,222.7599416,117.5249958
5/26/2021,186.3596467,236.7659522,114.3105285
5/27/2021,185.04957,246.2344158,111.9515161
5/28/2021,181.6614285,220.9196646,110.1449264
6/1/2021,181.0410257,222.4454691,101.1972802
6/2/2021,181.8632762,232.3633383,98.17975061
6/3/2021,184.1696447,235.8584986,95.73428804
6/4/2021,181.4842031,222.5196266,92.69062797
6/7/2021,180.363197,224.4240248,90.06979627
6/8/2021,179.6269082,193.4950487,91.70592141
6/9/2021,180.6086221,205.7867944,92.67150319
6/10/2021,179.5832525,215.1635368,92.31276513
6/11/2021,178.8548049,213.2493811,92.18565355
6/14/2021,179.2843986,226.9888708,86.54063226
6/15/2021,178.9213395,225.544751,85.51331306
6/16/2021,176.938694,216.8755715,84.86296451
6/17/2021,176.7950305,217.552189,84.67864444
6/18/2021,174.9110402,204.0039476,84.5683787
6/21/2021,172.6484196,181.5883088,84.91661022
6/22/2021,172.8266238,165.2923367,85.75171745
6/23/2021,173.328751,183.5651917,85.20977131
6/24/2021,173.5831861,183.2646587,85.24303137
6/25/2021,172.8411078,173.9275041,85.7254391
6/28/2021,172.8730269,185.7561835,88.4681321
6/29/2021,173.592336,199.5935277,86.50358361
6/30/2021,173.952135,190.0010036,85.87672991
7/1/2021,172.3507978,184.2772152,84.9480699
7/2/2021,172.7513612,185.9566318,83.67617787
7/5/2021,170.834418,189.7790887,76.74276939
7/6/2021,172.2381695,194.1705511,74.50085459
7/7/2021,171.9984118,197.7231416,72.38970007
7/8/2021,169.0820166,184.5010817,71.82625529
7/9/2021,169.5401393,188.0090662,70.57713975
7/12/2021,168.748807,185.0148873,68.57337356
7/13/2021,168.0224165,178.2155363,68.00391819
7/14/2021,168.1670486,179.886868,68.27349352
7/15/2021,168.151268,172.5681357,67.47863206
7/16/2021,168.1390386,171.9079666,67.92872788
7/19/2021,168.0937609,164.4520708,67.8872742
7/20/2021,168.1296413,158.2479314,68.67832409
7/21/2021,167.315672,170.9609251,69.26475717
7/22/2021,167.3305435,174.8193456,68.14763781
7/23/2021,167.7880704,177.7569307,67.32155047
7/26/2021,168.8522295,205.9139215,71.45045059
7/27/2021,172.2044054,204.0468809,72.75523401
7/28/2021,172.6359132,208.2671677,74.37340132
7/29/2021,173.6595627,210.5013716,76.52327498
7/30/2021,176.4427316,208.8715793,78.12860685
8/2/2021,176.3874609,221.9210697,79.40912611
8/3/2021,174.0257167,213.7829806,79.28919407
8/4/2021,177.2657858,220.6051921,78.86812113
8/5/2021,179.0724039,224.5860004,78.52911031
8/6/2021,180.7763729,228.9746749,79.4705668
8/9/2021,185.4989252,254.0767112,77.79876328
8/10/2021,184.5092001,254.3652564,76.94267294
8/11/2021,184.8118066,263.9142895,76.49072978
8/12/2021,181.9555593,248.3021835,76.62052294
8/13/2021,189.5419626,263.3135022,76.22223848
8/16/2021,185.6461337,264.8560341,76.8918407
8/17/2021,181.9241214,263.7598412,76.49207657
8/18/2021,181.9400773,256.0187457,75.95700524
8/19/2021,185.4948751,254.7909651,76.15377511
8/20/2021,188.6659025,273.6166559,77.74704084
8/23/2021,189.8387386,278.582142,81.06270155
8/24/2021,186.3388214,271.692185,84.47618969
8/25/2021,187.967655,270.1148047,87.4698078
8/26/2021,185.4548412,261.9056248,89.2088563
8/27/2021,188.2904516,270.7515556,90.13475279
8/30/2021,186.9984205,267.5145527,95.15369369
8/31/2021,188.4946478,272.9068626,96.93221065
9/1/2021,191.5828308,278.5394875,98.49584855
9/2/2021,191.268317,292.7211343,102.4627095
9/3/2021,193.4009398,304.0460446,102.6281221
9/6/2021,193.6282532,310.659723,100.3713527
9/7/2021,183.4470811,273.111214,100.1760515
9/8/2021,183.6082825,263.1980842,98.05614238
9/9/2021,183.1917957,275.4934541,94.5395001
9/10/2021,181.8479836,259.5774695,94.03825882
9/13/2021,181.5603075,261.641613,100.0197217
9/14/2021,181.4896298,276.740471,99.65079686
9/15/2021,181.8123399,282.7792894,101.5556251
9/16/2021,181.6565615,282.5598836,103.2061143
9/17/2021,180.865828,277.1371858,103.0824287
9/20/2021,178.6258246,248.3387046,98.53004327
9/21/2021,178.3002587,241.2298994,98.0505649
9/22/2021,178.3406022,240.4654638,98.15477509
9/23/2021,178.1493989,254.9281286,97.94677583
9/24/2021,177.9327535,243.0453643,99.33786556
9/27/2021,178.1025255,246.0328523,103.511992
9/28/2021,178.2355204,234.7444633,103.18319
9/29/2021,178.11754,238.8443138,102.152236
9/30/2021,177.5389298,241.6882262,102.6154046
10/1/2021,177.1728804,262.5345697,103.998004
10/4/2021,177.2736348,268.035328,101.6739341
10/5/2021,178.3511875,276.5665076,103.4007356
10/6/2021,180.1906225,293.975121,106.7898247
10/7/2021,179.4316323,292.2413409,109.0309522
10/8/2021,179.3219056,295.9341615,109.1295125
10/11/2021,182.7106351,300.3660481,107.9364126
10/12/2021,181.0623811,290.366773,107.8511623
10/13/2021,182.7819776,290.9605906,104.4225048
10/14/2021,183.6306289,308.7745612,102.8067164
10/15/2021,187.6222332,313.3327386,104.5866341
10/18/2021,187.3541452,316.9737048,108.2759144
10/19/2021,189.6862733,317.7952918,108.5415034
10/20/2021,192.4781672,336.6722796,111.3883756
10/21/2021,188.3791354,332.1542476,112.9609509
10/22/2021,185.9451544,326.2782412,109.7784488
10/25/2021,188.6556701,333.2356647,109.608892
10/26/2021,186.0088339,329.6933894,110.8294952
10/27/2021,182.8010762,314.5273435,111.3967415
10/28/2021,186.7149195,325.1458059,111.7437522
10/29/2021,188.6045799,327.7728216,115.5949483
11/1/2021,188.683827,333.3287798,117.8250477
11/2/2021,191.4918653,345.567277,118.5277911
11/3/2021,191.406376,343.8304302,118.4758179
11/4/2021,190.0510876,337.8298057,116.8668103
11/5/2021,189.3765808,337.0243883,113.8617325
11/8/2021,192.4542558,360.791032,114.3680577
11/9/2021,191.4370837,367.7746616,113.5222032
11/10/2021,189.1688699,375.7148114,112.8060379
11/11/2021,189.9264067,356.8620782,112.497067
11/12/2021,189.0574533,344.7281263,113.6952924
11/15/2021,188.061837,351.0883868,113.1587743
11/16/2021,184.7775169,325.683866,113.7764433
11/17/2021,185.0299709,318.0417401,112.989141
11/18/2021,184.2986757,307.1985748,113.6992218
11/19/2021,184.6117122,315.0194036,112.5358121
11/22/2021,184.5935851,313.2226175,109.2296094
11/23/2021,184.6154772,310.5041595,108.5687648
11/24/2021,184.609356,307.4079443,110.2072134
11/25/2021,184.5140895,321.1800522,112.057194
11/26/2021,184.8614877,291.2022994,114.1949755
11/29/2021,184.773301,304.9607467,114.9630831
11/30/2021,185.1312515,315.0584339,116.8847187
12/1/2021,185.0305639,324.3208734,116.3171731
12/2/2021,184.75593,316.0286148,115.0787739
12/3/2021,183.6214209,312.0330308,114.2042542
12/6/2021,183.5174893,266.8376564,122.6399053
12/7/2021,183.4048684,287.5197939,120.5257355
12/8/2021,183.7761842,287.3692486,119.3240433
12/9/2021,182.9984169,271.9057363,117.07932
12/10/2021,182.5704242,261.8710552,115.7542089
12/13/2021,183.0788414,250.4218057,104.5248107
12/14/2021,182.8073548,249.0445949,103.0263536
12/15/2021,182.7941904,244.4465508,102.0651419
12/16/2021,182.8009487,266.9098624,101.5417771
12/17/2021,182.5620279,252.4379976,100.9246776
12/20/2021,182.5705049,248.8993465,99.808376
12/21/2021,182.5434801,261.2521467,100.6302901
12/22/2021,182.4743919,270.1889622,99.95259418
12/23/2021,182.7899485,270.3124652,100.7101202
12/27/2021,182.6756622,290.0776702,101.4986609
12/28/2021,180.4074859,273.4479894,101.2743238
12/29/2021,179.6176288,265.8875482,101.8804792
12/30/2021,179.7710819,259.6507906,102.8576525
12/31/2021,179.5851101,264.749816,103.0578843
1/3/2022,179.6237046,263.578908,99.09552622
1/4/2022,179.621943,265.7286393,97.36218309
1/5/2022,179.6649804,265.7361666,98.62823038
1/6/2022,179.5982101,239.5234405,97.26721158
1/7/2022,180.450104,228.1107121,97.53067841
1/10/2022,180.5884698,221.1373977,97.94229237
1/11/2022,180.0798998,229.1190869,99.72470832
1/12/2022,179.6044057,242.9422129,97.60713758
1/13/2022,179.658074,240.4356335,98.73794461
1/14/2022,179.6668463,239.2432589,97.61207813
1/17/2022,179.4871748,239.0924348,100.4171859
1/18/2022,179.4421716,231.1620425,98.35909116
1/19/2022,179.2708068,230.0310012,98.50796914
1/20/2022,179.1000302,237.9524723,97.15083784
1/21/2022,178.2203553,208.6153735,102.000601
1/24/2022,178.7775591,170.4549256,107.5392476
1/25/2022,178.4271672,180.3828311,108.978973
1/26/2022,178.4366584,191.2508085,109.9062243
1/27/2022,178.511121,182.9585499,110.0117903
1/28/2022,177.5306412,182.7569864,107.081719
1/31/2022,177.172697,189.5019738,104.1047169
2/1/2022,176.9421977,196.6183063,104.0220313
2/2/2022,176.2337757,190.6383121,102.2825912
2/3/2022,176.3693362,187.5833575,102.2276207
2/4/2022,178.0422675,200.1156969,102.237273
2/7/2022,179.6443634,223.5974195,103.5809914
2/8/2022,179.5819408,218.6966122,103.7001341
2/9/2022,181.1111743,224.0950554,105.3369057
2/10/2022,178.813427,225.819078,107.1289435
2/11/2022,176.4352764,218.1036309,106.8049112
2/14/2022,176.8926833,205.3714009,100.3160335
2/15/2022,178.2382824,216.5301537,100.1189439
2/16/2022,177.8493423,212.2248366,99.5755381
2/17/2022,175.9938568,205.8631822,97.84833195
2/18/2022,175.7025721,194.601278,96.21339974
2/21/2022,175.9951455,188.1601691,96.97647181
2/22/2022,175.8801216,180.5317037,95.44552798
2/23/2022,175.972999,185.6566563,93.50554138
2/24/2022,175.8545371,170.1103441,95.39488757
2/25/2022,175.3096134,187.3533577,97.30058804
2/28/2022,175.2819817,195.3501015,98.47303209
3/1/2022,175.2067518,204.1703838,101.6644851
3/2/2022,174.8839822,205.4887704,104.0639886
3/3/2022,173.5275959,197.3877601,102.5972309
3/4/2022,171.113394,188.1913933,101.9085149
3/7/2022,170.8746295,181.731048,99.42056112
3/8/2022,170.6817431,178.2071726,95.39475019
3/9/2022,170.133674,193.295158,96.64799351
3/10/2022,170.0004603,180.1497647,95.25341392
3/11/2022,170.0153745,180.2473404,93.79259797
3/14/2022,169.1916469,178.923378,92.65476775
3/15/2022,169.2052012,179.3524321,95.04310075
3/16/2022,168.7167963,186.5222919,94.53495719
3/17/2022,168.699143,191.152954,95.30252322
3/18/2022,169.1063563,193.0738007,98.29077116
3/21/2022,169.2163572,197.1491179,100.5659655
3/22/2022,169.7746431,204.3398867,101.2109179
3/23/2022,170.4286216,208.1202467,99.47893307
3/24/2022,171.2816801,215.2413186,100.6567838
3/25/2022,171.3551528,213.9943016,100.4435817
3/28/2022,171.8303084,233.0014832,102.667111
3/29/2022,172.7663973,233.815543,103.1298595
3/30/2022,172.259603,230.6618975,103.6039837
3/31/2022,169.8822406,231.3934362,104.2437028
4/1/2022,171.9565715,231.271606,104.5857239
4/4/2022,172.0331847,231.9077994,101.697385
4/5/2022,170.3694455,230.3125767,99.64871123
4/6/2022,166.7611885,216.7626625,100.0125067
4/7/2022,167.2302378,212.072061,97.91652656
4/8/2022,166.947908,215.4858153,96.8358484
4/11/2022,165.7346311,196.0314584,98.97950916
4/12/2022,165.832173,195.9394585,99.70211466
4/13/2022,165.7069799,199.0030555,100.320534
4/14/2022,165.7519843,197.6679417,101.2652415
4/18/2022,165.5840814,191.5998506,98.87554125
4/19/2022,165.3507455,202.8871245,100.6551252
4/20/2022,165.3396821,202.5545309,101.5137473
4/21/2022,165.3285138,206.0034124,101.8833376
4/22/2022,165.3070297,193.6299819,102.4871236
4/25/2022,164.9584247,187.2627517,108.1865779
4/26/2022,165.8474515,187.3168365,107.3865491
4/27/2022,165.3891856,184.3324152,107.1011745
4/28/2022,165.0533298,186.1068983,107.3119427
4/29/2022,165.6562759,183.6387916,108.4166188
5/2/2022,165.4834983,177.8915851,110.8957301
5/3/2022,166.1321485,176.9991859,111.333438
5/4/2022,164.5647923,178.7374267,110.048737
5/5/2022,166.4943513,178.3922876,110.2850523
5/6/2022,166.8198966,169.1242724,109.907682
5/9/2022,171.5025875,149.364643,108.2380201
5/10/2022,169.5045823,145.0991926,109.5362953
5/11/2022,173.7740411,140.5031001,112.3628988
5/12/2022,175.1060812,123.115117,116.5925542
5/13/2022,174.0541229,133.7767915,120.0548949
5/16/2022,176.4476569,126.8104467,120.7055207
5/17/2022,175.2880231,130.3524433,117.9510663
5/18/2022,178.2309889,124.9579031,114.4807648
5/19/2022,175.8407202,126.1541807,107.9007402
5/20/2022,177.2344385,124.8817941,102.2732186
5/23/2022,178.0647087,130.439425,89.49257589
5/24/2022,177.7607975,123.0412383,87.09651285
5/25/2022,178.0701789,125.8104356,85.91699316
5/26/2022,179.2909108,120.5527801,86.33233327
5/27/2022,180.2453808,116.8022504,87.2107585
5/30/2022,176.6214571,125.6841448,86.44301214
5/31/2022,176.9610727,131.0396547,88.87353116
6/1/2022,177.7364643,127.9727123,90.35673197
6/2/2022,177.4972993,122.0194817,89.03171476
6/3/2022,178.3814523,118.9912907,86.85802953
6/6/2022,177.2696275,128.4151482,85.04903201
6/7/2022,177.3375614,122.1307179,82.34936728
6/8/2022,177.4953013,124.1413342,78.76836593
6/9/2022,177.4971879,124.0434797,76.48199414
6/10/2022,178.5458173,119.8594353,77.61412599
6/13/2022,184.3383917,87.59367264,88.86199654
6/14/2022,184.7761149,90.36259116,92.29607515
6/15/2022,183.3512453,85.16097197,97.55902539
6/16/2022,190.6283659,85.1960992,101.8718929
6/17/2022,189.9629875,84.66612396,102.8038669
6/20/2022,189.9197756,89.17244686,101.5270194
6/21/2022,189.667769,92.4158619,99.04587591
6/22/2022,192.3942964,87.50947878,94.83989318
6/23/2022,188.3305903,88.5822535,93.07582221
6/24/2022,186.7698461,93.24079443,91.73480042
6/27/2022,187.0721994,91.7950019,86.29274141
6/28/2022,187.6611465,91.81368067,85.4150655
6/29/2022,187.8345324,86.55240092,86.21280437
6/30/2022,188.0654077,81.09820015,87.86373319
7/1/2022,189.0338082,82.39818677,89.91412541
7/4/2022,186.5439749,84.62988157,94.07727669
7/5/2022,186.8870295,83.87910654,94.72186343
7/6/2022,185.5793287,87.26219417,96.91146533
7/7/2022,183.5702388,91.43480831,97.54676643
7/8/2022,183.7579463,92.68098892,95.84271393
7/11/2022,184.1436965,87.54181814,92.99690875
7/12/2022,184.5281582,84.62625733,92.93939153
7/13/2022,183.2936573,83.00120436,91.22716389
7/14/2022,182.4135596,85.12445079,90.45998652
7/15/2022,182.1444183,91.35981444,91.59152539
7/18/2022,184.2752345,102.7639004,96.1392305
7/19/2022,183.6232329,106.2529273,98.26191164
7/20/2022,183.1250083,110.6048018,98.35117928
7/21/2022,184.1372381,102.9247608,100.2689729
7/22/2022,183.071089,107.9989741,99.3820293
7/25/2022,178.8352933,100.6660236,95.93517819
7/26/2022,178.9315672,94.17584807,95.12238388
7/27/2022,180.0348558,98.05963825,96.45269632
7/28/2022,180.5303205,107.2247809,94.02362349
7/29/2022,180.4392152,112.4448001,95.39456036
8/1/2022,179.6879725,110.2752749,96.62453013
8/2/2022,179.5511404,106.9183933,95.72967319
8/3/2022,179.3170939,108.2373375,96.32687059
8/4/2022,179.0930938,106.443618,96.83414943
8/5/2022,180.8179869,109.6811785,96.74188449
8/8/2022,181.4673107,116.4618507,95.07564096
8/9/2022,180.7946921,110.1124629,93.57587856
8/10/2022,182.1486709,117.1175592,92.95493054
8/11/2022,182.3473575,119.0272543,92.13848052
8/12/2022,184.1713431,116.7612686,89.80510305
8/15/2022,183.1582759,117.4147467,87.18290757
8/16/2022,182.5000289,115.6399848,87.44079942
8/17/2022,181.5754965,112.4882909,86.21653651
8/18/2022,181.6014393,113.5479626,85.14831514
8/19/2022,179.6315188,102.0295738,86.46156843
8/22/2022,179.6860994,98.51657114,84.36702446
8/23/2022,179.3577708,102.0987131,83.09039569
8/24/2022,179.5252999,102.4803734,80.56188588
8/25/2022,179.1070936,104.2043959,78.92695766
8/26/2022,179.9393902,101.3203381,77.07455571
8/29/2022,177.4550913,95.39442871,79.28293621
8/30/2022,178.2806279,94.52823561,80.32586935
8/31/2022,177.8727345,96.86419698,82.08629659
9/1/2022,177.7074029,94.72087785,84.47871192
9/2/2022,177.905443,100.0847514,87.90116399
9/5/2022,177.9530534,98.76747998,86.86424094
9/6/2022,179.2099711,100.203515,88.28057994
9/7/2022,178.9436191,94.28875705,88.77511975
9/8/2022,178.8790204,98.59937106,89.76722864
9/9/2022,176.9098299,105.6482369,88.1863158
9/12/2022,176.6538881,108.8841247,88.49177582
9/13/2022,175.7632296,101.2386533,88.62617383
9/14/2022,175.9207232,99.88904253,90.27184638
9/15/2022,176.5016235,96.27846421,91.75832124
9/16/2022,176.5770565,95.24667128,94.30927984
9/19/2022,176.1466714,91.93774115,96.56452964
9/20/2022,177.3364078,91.36706292,95.31106902
9/21/2022,178.6799689,91.1716328,92.33910441
9/22/2022,176.6738765,89.33888307,88.47133122
9/23/2022,176.7656816,89.18889533,84.61782219
9/26/2022,175.8770418,91.49865067,80.95608352
9/27/2022,176.0211036,95.31525303,81.59903074
9/28/2022,175.8094068,90.96867542,80.7823699
9/29/2022,175.7114048,90.47828802,81.26240077
9/30/2022,175.8018073,93.68546067,82.10708838
10/3/2022,175.397557,91.00603296,81.63881043
10/4/2022,174.960116,94.02474519,80.50874073
10/5/2022,175.0043206,92.44764369,80.83749228
10/6/2022,174.997793,94.19480563,80.4904437
10/7/2022,174.9976056,92.20035908,79.34273288
10/10/2022,175.3329534,90.86440886,83.31523429
10/11/2022,175.447781,88.68819279,83.79115087
10/12/2022,175.217744,88.73363517,84.13583408
10/13/2022,175.1440396,84.27331222,85.77251073
10/14/2022,175.153394,89.43617994,85.9045109
10/17/2022,174.6929197,89.79274929,80.9334469
10/18/2022,174.9661645,89.11167116,80.26122205
10/19/2022,175.2044731,88.26025381,78.50702119
10/20/2022,175.2611848,88.47045967,76.23568837
10/21/2022,175.1015908,85.89948034,75.08346961
10/24/2022,175.156056,88.67341704,75.54784757
10/25/2022,175.0210334,90.62297879,76.52399384
10/26/2022,175.6991205,98.17951692,80.80356932
10/27/2022,174.4129886,97.03648772,81.5808521
10/28/2022,175.2921841,97.6579053,81.58180624
10/31/2022,174.8203381,97.67574771,84.42709339
11/1/2022,174.9169421,97.51098423,83.5963792
11/2/2022,173.4832623,96.782791,82.18261489
11/3/2022,173.6886005,96.91186966,83.91915664
11/4/2022,175.4130266,102.1826282,87.51626948
11/7/2022,175.25398,102.487343,91.93993975
11/8/2022,172.4895362,95.05737449,95.33603055
11/9/2022,173.3159267,79.06806878,100.0658587
11/10/2022,169.3048731,85.15372349,104.1819554
11/14/2022,168.8026712,78.42462698,116.0071852
11/15/2022,168.3983307,80.63708544,117.3029757
11/16/2022,168.932774,77.04184044,115.3915064
11/17/2022,169.0260056,77.15140397,111.6786917
11/18/2022,168.910817,78.11935455,109.8248386
11/21/2022,169.4849388,73.9988737,99.38846651
11/22/2022,168.7196412,75.57402369,95.79712947
11/23/2022,167.8719411,77.27156143,93.74169679
11/25/2022,167.940323,78.03348797,88.17493154
11/28/2022,168.2268031,75.69864175,82.33276772
11/29/2022,167.6925535,77.75135491,81.59912116
11/30/2022,166.522699,80.33014029,81.27152606
12/1/2022,166.4667321,80.79933983,81.97650393
12/2/2022,166.6040367,80.91670941,83.27016786
12/5/2022,166.5809454,81.30952115,84.48398517
12/6/2022,166.5888674,80.55735219,83.40482364
12/7/2022,166.6551985,79.2364565,81.38872056
12/8/2022,166.329919,79.75277115,79.47038846
12/9/2022,166.1430233,80.96633361,79.47937987
12/12/2022,166.1374609,79.22753529,80.986656
12/13/2022,165.9644377,82.74639249,85.6195764
12/14/2022,165.8023865,83.90391864,87.90856083
12/15/2022,164.9270473,80.52891585,89.85900303
12/16/2022,164.5525418,77.14527065,91.51441581
12/19/2022,164.7423813,74.52717622,89.80451308
12/20/2022,164.2139468,75.78255682,85.07194888
12/21/2022,164.2059429,75.32869059,82.12702493
12/22/2022,164.1927244,73.92164953,80.85786444
12/23/2022,164.1947058,75.38862993,78.05983526
12/26/2022,164.1142736,75.38639963,71.91218293
12/27/2022,164.1062614,75.27014519,69.98847517
12/28/2022,164.0320635,73.54584383,69.2509471
12/29/2022,164.0437562,73.62055891,68.35795399
12/30/2022,164.0443357,73.30078953,67.47932494
